customer_id,annual_income,employment_years,credit_score,existing_loans,loan_amount,loan_tenure_months,monthly_expenses,employment_type,education_level,loan_purpose,property_ownership,loan_approved
CUST0001,1248199,7,797,4,2009129,36,67510,Government,High School,Home,1,1
CUST0002,903035,6,781,1,599391,48,37173,Business,Bachelor,Vehicle,0,1
CUST0003,670042,4,643,0,477479,84,21215,Self-Employed,High School,Vehicle,1,0
CUST0004,638298,8,752,3,1410764,48,26546,Business,Bachelor,Personal,1,1
CUST0005,1227343,10,688,4,3221553,120,60342,Self-Employed,Master,Personal,1,1
CUST0006,1705416,10,683,3,2644545,24,110003,Self-Employed,Bachelor,Education,0,1
CUST0007,285228,9,673,2,3232999,84,7947,Business,Master,Business,1,1
CUST0008,606346,11,820,4,1175832,84,27977,Self-Employed,Master,Home,1,1
CUST0009,1935692,6,789,3,3297727,48,74920,Salaried,Bachelor,Home,0,1
CUST0010,1064056,3,739,2,2903502,84,49137,Government,Master,Home,1,1
CUST0011,1910228,3,666,3,612834,84,49663,Business,Master,Education,0,1
CUST0012,2126793,12,683,3,890597,60,80908,Government,Bachelor,Personal,0,1
CUST0013,1749123,10,722,4,900122,12,103480,Self-Employed,Bachelor,Education,1,1
CUST0014,2101214,0,638,2,4691184,24,101028,Self-Employed,Bachelor,Business,1,0
CUST0015,1906470,13,755,0,2622703,48,83454,Business,PhD,Education,1,1
CUST0016,228874,17,606,1,780559,60,8444,Salaried,Bachelor,Business,1,0
CUST0017,1802572,4,711,4,571727,120,67449,Self-Employed,High School,Personal,0,0
CUST0018,889662,9,496,2,1912015,120,36442,Salaried,Master,Home,0,1
CUST0019,1306825,5,635,3,2500503,36,78168,Self-Employed,Bachelor,Business,1,0
CUST0020,858250,11,846,2,1582713,84,56044,Self-Employed,Bachelor,Education,0,1
CUST0021,650452,2,762,1,3010356,84,28149,Salaried,Master,Home,1,1
CUST0022,1658301,7,802,1,4790616,48,68636,Salaried,Bachelor,Business,1,1
CUST0023,2319686,12,626,0,2055464,12,139814,Self-Employed,Master,Vehicle,0,1
CUST0024,796529,14,688,0,2926673,12,34081,Salaried,Master,Home,0,1
CUST0025,2403361,10,782,1,1332322,48,115363,Salaried,Bachelor,Home,1,1
CUST0026,622061,6,730,4,4655677,48,21537,Government,High School,Home,1,1
CUST0027,2441286,0,720,4,4067641,60,136661,Salaried,Master,Vehicle,1,1
CUST0028,668972,4,810,3,1593912,120,31552,Self-Employed,PhD,Vehicle,1,1
CUST0029,1303994,5,596,0,3546425,48,76557,Business,High School,Business,1,1
CUST0030,1356808,4,665,3,1755692,120,78057,Salaried,Bachelor,Business,0,1
CUST0031,343038,8,539,0,1058507,36,11649,Salaried,Bachelor,Personal,0,0
CUST0032,1110491,6,592,1,676776,120,60875,Self-Employed,Master,Vehicle,1,1
CUST0033,1396959,8,765,4,2768181,60,81492,Government,Master,Vehicle,0,1
CUST0034,1554572,14,606,4,1811987,84,61282,Business,High School,Vehicle,0,0
CUST0035,2409231,5,738,1,1032099,84,77558,Business,Master,Business,1,1
CUST0036,2479205,1,812,3,3536082,120,62252,Government,High School,Business,1,1
CUST0037,780530,4,665,3,1600642,84,34177,Salaried,Master,Personal,0,0
CUST0038,1407165,10,721,2,1841825,84,55842,Salaried,Bachelor,Personal,1,1
CUST0039,1257833,11,739,0,3160041,24,60528,Salaried,Bachelor,Home,1,1
CUST0040,615423,10,582,3,2544903,36,20207,Salaried,High School,Home,0,0
CUST0041,1372929,14,630,1,566031,60,83500,Government,High School,Personal,1,1
CUST0042,503390,7,599,3,97367,60,17991,Self-Employed,Master,Home,0,0
CUST0043,1844221,18,637,4,1682748,84,63504,Salaried,Bachelor,Personal,1,0
CUST0044,1836671,12,737,0,4912944,12,82704,Government,High School,Education,0,1
CUST0045,1667331,0,632,2,414716,60,76339,Salaried,High School,Home,1,0
CUST0046,2130961,17,677,0,2724691,36,72371,Salaried,High School,Home,0,1
CUST0047,318563,4,596,4,294697,48,11572,Self-Employed,Master,Home,1,0
CUST0048,963066,2,778,4,4970791,36,30886,Salaried,Master,Home,0,1
CUST0049,1734623,10,636,4,504623,84,95292,Salaried,High School,Business,1,0
CUST0050,885552,0,801,4,1360646,84,50553,Salaried,Bachelor,Vehicle,1,1
CUST0051,2226475,4,684,1,91340,24,98551,Salaried,High School,Personal,0,1
CUST0052,777897,15,567,2,1019738,120,42592,Government,PhD,Education,1,1
CUST0053,952800,10,666,4,942743,60,53036,Business,PhD,Business,0,1
CUST0054,1482549,12,594,4,2064751,120,45605,Salaried,Master,Business,1,1
CUST0055,2222999,4,727,3,1463285,120,145067,Salaried,PhD,Business,0,1
CUST0056,2082897,0,659,2,3190283,60,123327,Government,Master,Business,1,1
CUST0057,1343950,11,693,0,2575525,60,45049,Business,Master,Home,1,1
CUST0058,729148,12,650,2,1380657,84,23884,Salaried,Bachelor,Home,0,1
CUST0059,664090,12,635,2,1014211,60,20079,Salaried,Bachelor,Home,0,0
CUST0060,1053698,9,602,2,995161,12,32417,Government,Bachelor,Home,1,1
CUST0061,2115740,3,746,4,2378767,12,118848,Self-Employed,Bachelor,Vehicle,1,1
CUST0062,922406,20,666,4,2757133,48,41110,Salaried,Bachelor,Home,1,1
CUST0063,1023804,10,654,1,4869523,60,58993,Self-Employed,High School,Personal,0,1
CUST0064,1141568,7,664,0,3136810,24,64035,Salaried,Bachelor,Personal,1,1
CUST0065,1760677,7,625,3,3895979,48,88372,Self-Employed,Bachelor,Personal,0,0
CUST0066,1734510,8,655,2,2744991,84,92967,Self-Employed,Bachelor,Personal,0,1
CUST0067,2010815,13,696,0,1847555,60,51808,Government,Bachelor,Home,1,1
CUST0068,407286,8,597,0,103010,12,15473,Self-Employed,PhD,Business,0,1
CUST0069,992461,12,608,1,957272,24,51187,Salaried,Master,Home,1,1
CUST0070,412732,8,790,3,4424984,48,10479,Salaried,Master,Vehicle,1,1
CUST0071,1898224,7,650,2,2546282,24,50063,Government,Bachelor,Personal,1,1
CUST0072,1104044,11,635,3,4124411,60,66789,Salaried,Bachelor,Personal,1,0
CUST0073,2490182,11,572,1,586364,36,133227,Salaried,High School,Education,1,1
CUST0074,1566652,7,748,4,953057,24,56488,Salaried,Master,Vehicle,1,1
CUST0075,2425706,4,595,0,1800652,24,130175,Government,Bachelor,Home,1,1
CUST0076,465555,9,678,2,1673162,84,27011,Self-Employed,High School,Home,1,1
CUST0077,624191,8,543,4,4036464,12,23583,Salaried,Master,Vehicle,0,0
CUST0078,1682337,5,745,1,4314139,60,44584,Salaried,High School,Education,0,1
CUST0079,1734094,3,774,3,2669909,24,110749,Government,Bachelor,Personal,0,1
CUST0080,1100597,10,718,0,2783864,60,43344,Self-Employed,High School,Home,1,1
CUST0081,2223338,10,557,2,713478,12,65447,Government,High School,Personal,1,1
CUST0082,1666205,6,747,4,4189524,84,75802,Government,High School,Business,0,1
CUST0083,404695,5,613,4,1352970,60,23075,Business,High School,Vehicle,0,0
CUST0084,1281844,3,586,0,2466207,120,43884,Salaried,Master,Vehicle,1,1
CUST0085,1661006,9,649,3,1040993,12,60176,Business,Master,Personal,1,0
CUST0086,753189,3,647,1,1638049,12,26446,Salaried,Bachelor,Home,1,0
CUST0087,1590706,19,639,3,1009296,48,105495,Salaried,Master,Personal,0,0
CUST0088,2020634,5,781,3,1863948,84,67135,Government,Bachelor,Home,0,1
CUST0089,842784,0,840,3,312530,84,41279,Salaried,Bachelor,Home,0,1
CUST0090,2027865,7,570,0,3681097,120,128876,Salaried,High School,Education,0,1
CUST0091,2166062,7,624,0,2092361,60,67409,Salaried,Bachelor,Vehicle,0,1
CUST0092,1099484,13,691,1,267767,36,71963,Self-Employed,Bachelor,Business,1,1
CUST0093,883650,9,648,3,1159970,120,56976,Salaried,Bachelor,Vehicle,0,0
CUST0094,1466936,3,711,0,3920033,48,90740,Government,Master,Vehicle,0,1
CUST0095,524855,6,753,1,696004,84,17813,Government,Bachelor,Home,0,1
CUST0096,1735979,9,739,1,237486,12,89262,Self-Employed,Bachelor,Personal,1,1
CUST0097,1254961,0,728,3,1678782,84,71161,Salaried,PhD,Home,1,1
CUST0098,611374,14,812,2,3438284,120,40402,Business,Bachelor,Personal,1,1
CUST0099,1314106,3,552,3,1476360,36,42731,Salaried,Bachelor,Education,0,0
CUST0100,1983847,15,798,2,1783391,24,112916,Salaried,Master,Business,0,1
CUST0101,463707,9,646,1,416590,24,18138,Salaried,Bachelor,Education,0,0
CUST0102,2151856,11,742,0,144702,84,69543,Self-Employed,High School,Home,0,1
CUST0103,1658236,13,597,4,2252661,84,70570,Salaried,Bachelor,Education,1,0
CUST0104,1166420,10,607,1,4600056,48,67741,Salaried,Bachelor,Home,1,1
CUST0105,1630503,11,732,0,1212886,84,72343,Salaried,Bachelor,Home,1,1
CUST0106,1958254,7,525,1,4125341,36,92814,Salaried,High School,Home,1,1
CUST0107,423373,9,759,3,2979386,84,28139,Self-Employed,PhD,Business,1,1
CUST0108,527697,5,780,2,3919108,60,21967,Government,Master,Vehicle,0,1
CUST0109,1390355,6,694,1,4803214,120,70409,Government,Bachelor,Business,1,1
CUST0110,1398758,17,691,0,3313647,36,56255,Salaried,Master,Personal,0,1
CUST0111,1226914,3,613,3,3067253,48,50752,Salaried,Master,Business,1,0
CUST0112,1835743,8,733,4,1008101,60,99102,Business,High School,Vehicle,0,1
CUST0113,1136331,8,707,3,4940618,60,72814,Salaried,Bachelor,Vehicle,0,1
CUST0114,1466836,6,606,2,119519,120,69818,Government,Bachelor,Education,1,1
CUST0115,2067106,10,648,3,4955779,24,117859,Salaried,Master,Vehicle,1,1
CUST0116,966958,10,667,4,1010655,36,27768,Business,High School,Home,0,1
CUST0117,510904,3,648,0,1246688,120,17267,Salaried,PhD,Personal,0,0
CUST0118,1276413,8,570,1,2191924,60,58615,Salaried,Bachelor,Vehicle,0,1
CUST0119,698349,2,735,2,2269583,48,18041,Government,Bachelor,Home,1,1
CUST0120,977968,11,660,4,3029674,120,34752,Self-Employed,Bachelor,Vehicle,1,1
CUST0121,259083,8,681,2,2342056,24,12062,Salaried,High School,Home,1,1
CUST0122,2197107,8,633,3,208988,60,56297,Self-Employed,Master,Home,0,0
CUST0123,1594821,11,718,2,2661895,120,57449,Government,PhD,Home,1,1
CUST0124,1827608,6,695,4,2077787,36,84833,Salaried,Bachelor,Vehicle,0,1
CUST0125,834037,12,777,1,4283384,24,40768,Salaried,PhD,Vehicle,0,1
CUST0126,2064276,3,718,1,4350546,36,131232,Self-Employed,Master,Vehicle,0,1
CUST0127,1984673,15,663,2,977281,36,102983,Salaried,Bachelor,Home,1,1
CUST0128,789996,5,620,0,4411707,36,33401,Self-Employed,Master,Business,0,0
CUST0129,895472,0,749,2,4500696,120,57099,Salaried,Bachelor,Vehicle,0,1
CUST0130,958513,6,657,3,4265272,24,55309,Salaried,Bachelor,Home,1,1
CUST0131,340081,5,666,1,3430145,120,11336,Salaried,High School,Business,0,1
CUST0132,2098317,6,666,1,2923382,120,63897,Self-Employed,Master,Home,1,1
CUST0133,568590,9,647,1,3105450,120,30225,Salaried,High School,Home,1,1
CUST0134,1945982,13,667,0,1440179,60,94046,Salaried,Master,Business,1,1
CUST0135,1073093,7,834,0,3821414,84,62135,Salaried,Master,Vehicle,0,1
CUST0136,1139192,4,596,4,796470,12,63548,Business,Bachelor,Home,0,0
CUST0137,2328347,2,614,2,1982893,60,118863,Salaried,Bachelor,Home,1,1
CUST0138,344053,5,790,2,4397633,24,22741,Government,Bachelor,Home,1,1
CUST0139,773586,0,650,3,1199164,12,36538,Salaried,Bachelor,Home,0,0
CUST0140,2061175,4,643,1,1622762,12,61243,Salaried,Bachelor,Home,0,0
CUST0141,1959240,14,762,0,1968517,12,116597,Self-Employed,Bachelor,Education,0,1
CUST0142,1268075,3,566,3,3509544,84,45008,Self-Employed,Bachelor,Vehicle,1,0
CUST0143,1616536,11,745,3,2880095,120,92769,Business,High School,Education,1,1
CUST0144,1849211,1,683,0,3479985,48,119975,Business,High School,Vehicle,0,1
CUST0145,1539507,16,717,2,1361414,24,83184,Government,High School,Vehicle,1,1
CUST0146,1526208,17,715,1,4235727,84,76057,Self-Employed,Master,Home,1,1
CUST0147,516585,10,629,2,65588,84,22824,Self-Employed,PhD,Home,1,1
CUST0148,1958599,17,764,3,2864268,48,78703,Salaried,Bachelor,Personal,0,1
CUST0149,202431,9,635,1,507301,12,8038,Business,Bachelor,Home,0,0
CUST0150,1423131,11,712,4,3912230,120,73313,Self-Employed,High School,Home,0,1
CUST0151,827008,14,779,3,3260101,48,46563,Self-Employed,Bachelor,Home,1,1
CUST0152,753441,8,790,2,4067763,48,40136,Salaried,High School,Business,1,1
CUST0153,448512,0,658,2,4775296,84,14920,Salaried,Bachelor,Business,1,1
CUST0154,356076,11,717,2,97361,24,16230,Business,PhD,Personal,0,0
CUST0155,2229949,5,651,0,2289665,36,129303,Salaried,High School,Personal,0,1
CUST0156,1448300,6,880,3,4210244,120,64914,Salaried,Master,Education,0,1
CUST0157,2127763,9,742,1,4258981,48,100769,Salaried,High School,Education,1,1
CUST0158,1809849,10,686,2,4009978,120,103397,Government,Bachelor,Home,0,1
CUST0159,2065077,8,705,2,2008970,48,108525,Salaried,High School,Home,0,1
CUST0160,858758,11,712,0,1765979,12,36115,Government,Bachelor,Home,1,1
CUST0161,230861,4,714,1,3473604,120,14384,Salaried,High School,Home,0,1
CUST0162,831406,7,660,3,2558894,12,26416,Government,Bachelor,Home,1,1
CUST0163,901001,12,648,4,1894348,84,59898,Government,Bachelor,Home,0,0
CUST0164,2286230,16,667,0,809848,12,68477,Salaried,Bachelor,Education,1,1
CUST0165,2171083,18,588,3,1459277,120,55629,Self-Employed,Master,Personal,1,0
CUST0166,504912,10,737,4,1642023,60,31347,Salaried,PhD,Business,1,1
CUST0167,1803911,12,615,2,172366,120,63509,Salaried,Bachelor,Personal,1,1
CUST0168,1024092,17,595,2,2343316,48,56738,Government,High School,Education,1,1
CUST0169,1988322,4,678,1,842644,12,116898,Salaried,Bachelor,Business,1,1
CUST0170,1623717,11,669,4,1589152,24,98707,Salaried,Master,Education,1,1
CUST0171,395048,11,699,2,873837,60,26198,Salaried,Bachelor,Home,1,1
CUST0172,1870696,15,634,2,442776,84,69686,Salaried,Bachelor,Home,0,1
CUST0173,1096838,2,648,1,406440,36,59880,Government,High School,Personal,0,0
CUST0174,1385663,3,735,3,891618,48,41304,Salaried,Bachelor,Personal,0,1
CUST0175,213320,8,730,2,1011743,48,8948,Business,Bachelor,Home,1,1
CUST0176,507025,9,727,0,4779124,24,30589,Business,PhD,Home,1,1
CUST0177,544359,13,682,0,2357278,36,21948,Salaried,Master,Education,1,1
CUST0178,1123793,10,693,3,1085340,36,55772,Salaried,High School,Home,0,1
CUST0179,1488507,7,698,4,3412079,84,68457,Government,Bachelor,Education,1,1
CUST0180,1123187,10,627,1,3524412,84,58309,Salaried,Bachelor,Home,0,1
CUST0181,1777690,9,797,0,153021,60,116504,Salaried,Bachelor,Business,1,1
CUST0182,280734,16,786,0,2061562,48,7670,Salaried,Master,Home,0,1
CUST0183,337702,8,743,3,50209,12,16518,Self-Employed,Bachelor,Education,1,0
CUST0184,1405811,6,645,4,272071,84,85697,Government,Bachelor,Home,0,0
CUST0185,1327087,10,723,4,3856627,24,59795,Salaried,Bachelor,Education,0,1
CUST0186,909497,8,758,3,2953561,24,25713,Salaried,Master,Personal,1,1
CUST0187,2048670,0,582,0,2508884,24,99065,Business,Bachelor,Education,1,0
CUST0188,278818,7,815,1,3057446,120,10828,Government,Bachelor,Personal,0,1
CUST0189,332360,7,540,0,266194,84,10454,Self-Employed,Bachelor,Vehicle,1,0
CUST0190,799369,5,736,4,2504082,84,48263,Government,Bachelor,Personal,0,1
CUST0191,741165,13,796,0,2535702,24,34637,Salaried,PhD,Vehicle,1,1
CUST0192,1112817,4,670,1,3647326,84,71094,Government,Bachelor,Vehicle,1,1
CUST0193,2349867,10,667,2,57399,120,137664,Salaried,Bachelor,Personal,0,1
CUST0194,321398,7,733,0,2245814,12,17314,Salaried,Bachelor,Home,1,1
CUST0195,1747628,8,828,3,3491489,12,44056,Government,Master,Business,0,1
CUST0196,2360338,10,657,2,4907162,60,101083,Salaried,Bachelor,Personal,1,1
CUST0197,2172825,1,617,3,1084023,48,72199,Business,High School,Vehicle,1,0
CUST0198,1379670,8,646,3,443545,12,86850,Salaried,Bachelor,Personal,1,0
CUST0199,2138637,19,555,3,350763,60,69023,Business,Master,Vehicle,0,0
CUST0200,774604,0,751,0,1105608,36,28597,Business,Master,Personal,0,1
CUST0201,2229927,7,638,4,3899182,48,103769,Salaried,Master,Vehicle,0,0
CUST0202,444500,13,663,2,3495906,12,15990,Government,Bachelor,Vehicle,1,1
CUST0203,2347478,9,752,1,1614458,120,79214,Salaried,High School,Business,1,1
CUST0204,819282,11,649,4,1971166,36,40933,Business,PhD,Personal,1,0
CUST0205,2498123,0,740,0,1716984,60,71709,Self-Employed,Bachelor,Vehicle,1,1
CUST0206,1697509,10,596,3,4292154,12,46551,Government,Bachelor,Vehicle,0,0
CUST0207,2120369,4,756,1,1627586,12,85896,Self-Employed,Master,Vehicle,0,1
CUST0208,1397060,9,707,2,4524220,84,76876,Salaried,Bachelor,Education,0,1
CUST0209,1211519,7,672,4,398249,36,58294,Salaried,Bachelor,Home,0,1
CUST0210,2269271,19,690,4,4679199,12,96715,Salaried,Master,Personal,0,1
CUST0211,969352,10,577,1,1036275,24,47084,Government,Master,Business,1,1
CUST0212,664410,7,688,0,4248880,120,26727,Self-Employed,Bachelor,Home,0,1
CUST0213,2206395,0,668,2,1460124,84,141222,Self-Employed,Bachelor,Home,0,1
CUST0214,1570281,8,579,1,2582000,84,42849,Salaried,High School,Vehicle,1,1
CUST0215,2031317,12,626,3,1664340,12,107777,Self-Employed,High School,Vehicle,0,0
CUST0216,1808094,7,669,2,3444020,120,112349,Salaried,Bachelor,Vehicle,1,1
CUST0217,2126830,5,631,4,1522077,84,124409,Government,Bachelor,Business,0,0
CUST0218,1748560,5,487,1,860586,48,57122,Business,PhD,Education,1,1
CUST0219,645757,10,766,4,1478931,36,24106,Salaried,Master,Education,1,1
CUST0220,2409180,11,668,4,3764534,48,132208,Salaried,Master,Home,0,1
CUST0221,1175843,14,498,4,1649826,60,33524,Salaried,Bachelor,Vehicle,1,0
CUST0222,806045,3,850,0,2910597,48,47417,Self-Employed,High School,Home,1,1
CUST0223,1661235,10,779,4,1398483,120,91292,Self-Employed,PhD,Business,1,1
CUST0224,481207,7,652,3,4360493,24,26659,Government,Bachelor,Business,0,1
CUST0225,1604945,7,612,3,1208866,84,46827,Salaried,High School,Business,0,0
CUST0226,1571538,10,712,2,1031598,120,86287,Government,Bachelor,Personal,1,1
CUST0227,900488,10,696,4,4092974,84,48019,Self-Employed,Master,Home,1,1
CUST0228,776387,10,723,4,855896,24,46289,Salaried,Master,Vehicle,0,1
CUST0229,599065,2,612,1,1009540,84,16014,Self-Employed,High School,Home,0,0
CUST0230,211585,4,767,0,2271132,48,5493,Salaried,Master,Home,0,1
CUST0231,1643807,15,642,2,3238027,60,66643,Self-Employed,Bachelor,Education,0,0
CUST0232,1796449,6,734,4,791165,12,56048,Government,High School,Home,0,1
CUST0233,469102,9,616,1,81541,24,22641,Salaried,Master,Vehicle,0,0
CUST0234,1516737,13,891,0,525759,48,95892,Government,Master,Business,0,1
CUST0235,2158281,10,735,2,2894510,120,89162,Self-Employed,Bachelor,Home,0,1
CUST0236,1270805,10,900,2,4373492,48,76510,Salaried,Bachelor,Home,1,1
CUST0237,429474,12,746,4,258150,48,10741,Self-Employed,Master,Business,0,1
CUST0238,440116,0,635,2,2623338,12,14093,Self-Employed,Master,Vehicle,0,0
CUST0239,2072064,5,746,1,1908777,36,54428,Salaried,Master,Education,0,1
CUST0240,199975,10,752,2,530620,84,7733,Salaried,Bachelor,Business,1,1
CUST0241,337795,14,709,3,4788748,84,21227,Salaried,PhD,Vehicle,1,1
CUST0242,1437949,8,730,1,4985500,120,41757,Salaried,PhD,Business,1,1
CUST0243,1204939,3,740,0,4913099,60,60568,Salaried,High School,Home,0,1
CUST0244,1523862,3,600,0,4969314,120,66763,Salaried,Master,Business,1,1
CUST0245,568076,12,594,4,1172207,36,36415,Salaried,Bachelor,Business,1,0
CUST0246,870493,6,616,4,874341,84,26206,Business,Bachelor,Vehicle,0,0
CUST0247,802605,7,690,3,2740927,60,27155,Salaried,Bachelor,Business,1,1
CUST0248,905495,11,662,0,3086124,120,23751,Government,High School,Personal,1,1
CUST0249,1525766,0,601,0,2632977,60,65730,Self-Employed,Bachelor,Home,1,0
CUST0250,2378611,18,742,0,4554103,48,87000,Government,Master,Personal,1,1
CUST0251,941985,4,702,0,477557,24,57692,Salaried,Bachelor,Business,1,1
CUST0252,2477574,9,693,2,1865599,48,124388,Business,Bachelor,Vehicle,0,1
CUST0253,2060901,0,659,1,3247514,12,104255,Self-Employed,PhD,Home,1,1
CUST0254,2140826,5,649,1,2215456,84,100967,Government,Bachelor,Education,0,1
CUST0255,1558369,14,612,3,415750,60,44923,Salaried,Bachelor,Vehicle,1,0
CUST0256,2270212,0,754,2,534103,120,98850,Salaried,Bachelor,Vehicle,0,1
CUST0257,1216548,13,623,0,2202259,24,81078,Self-Employed,Bachelor,Home,1,1
CUST0258,2421984,6,696,0,2669210,120,144837,Salaried,Bachelor,Business,0,1
CUST0259,332999,10,812,4,3440919,84,20721,Self-Employed,Master,Home,0,0
CUST0260,528619,11,653,4,1755096,60,31347,Salaried,Bachelor,Personal,0,1
CUST0261,241367,10,756,3,4505237,60,7070,Self-Employed,Master,Personal,0,0
CUST0262,933315,3,725,0,2429220,48,32177,Business,Bachelor,Home,1,1
CUST0263,585804,6,704,3,3569065,24,14721,Self-Employed,Bachelor,Personal,0,0
CUST0264,1464382,0,714,2,1834210,24,55128,Government,Master,Personal,1,1
CUST0265,1273314,10,672,1,2513501,84,37594,Self-Employed,Master,Education,0,1
CUST0266,1222377,16,682,0,1794919,60,54639,Self-Employed,Bachelor,Vehicle,0,1
CUST0267,2479484,0,636,2,1078719,24,131942,Business,High School,Education,0,0
CUST0268,562729,4,683,0,1636987,24,34572,Government,High School,Vehicle,0,1
CUST0269,2091627,7,633,4,2869127,120,117585,Government,Bachelor,Education,1,0
CUST0270,1248392,8,760,3,1982919,84,80031,Salaried,Bachelor,Education,1,1
CUST0271,1139744,12,544,4,2199151,48,31053,Self-Employed,Master,Education,0,0
CUST0272,1103780,7,718,1,1916161,120,28154,Salaried,High School,Home,1,1
CUST0273,1645291,6,706,4,313356,120,86469,Salaried,Master,Vehicle,0,1
CUST0274,393567,13,699,0,1177360,36,14584,Self-Employed,Bachelor,Education,0,1
CUST0275,2122811,11,761,4,393288,12,75492,Government,Bachelor,Education,1,1
CUST0276,2493336,10,657,0,2052507,36,96708,Government,Bachelor,Personal,0,1
CUST0277,478090,8,700,1,2702808,24,17326,Salaried,Bachelor,Business,1,1
CUST0278,497348,12,542,4,3921907,60,23032,Salaried,Master,Business,1,0
CUST0279,1411534,4,646,3,2828366,12,61175,Government,High School,Personal,1,0
CUST0280,1506283,4,748,3,4827376,12,69818,Salaried,Bachelor,Personal,1,1
CUST0281,272324,11,572,3,2538489,60,14441,Self-Employed,Master,Home,0,0
CUST0282,1985808,0,692,4,1460364,12,81677,Salaried,Bachelor,Business,0,0
CUST0283,1500567,8,625,4,1408293,60,53226,Salaried,Bachelor,Personal,0,0
CUST0284,206155,6,671,4,1961128,12,6581,Business,Bachelor,Education,0,0
CUST0285,521815,0,630,0,3734796,120,20643,Salaried,Master,Education,1,0
CUST0286,1869755,3,580,1,4806497,84,104535,Salaried,PhD,Home,1,1
CUST0287,640494,7,710,3,3836065,84,36206,Salaried,Master,Home,1,1
CUST0288,2426533,13,676,0,4898243,36,128091,Business,Bachelor,Vehicle,1,1
CUST0289,214707,4,729,3,3753375,120,7461,Government,PhD,Vehicle,0,0
CUST0290,1117841,14,743,0,2475358,12,55337,Salaried,High School,Personal,1,1
CUST0291,1747053,8,778,4,3793407,48,85219,Salaried,High School,Vehicle,1,1
CUST0292,2096545,14,690,3,4343900,60,94717,Self-Employed,Master,Home,1,1
CUST0293,533299,4,781,4,3967430,120,25553,Salaried,High School,Home,0,1
CUST0294,1387068,7,601,3,3028602,12,63099,Self-Employed,High School,Personal,1,0
CUST0295,1702688,9,752,2,1901579,84,82683,Salaried,Bachelor,Education,0,1
CUST0296,350102,7,716,0,724502,84,19190,Salaried,Bachelor,Education,1,1
CUST0297,574274,12,698,2,2155777,60,16980,Self-Employed,Master,Personal,1,1
CUST0298,397285,0,715,0,3578597,48,22341,Salaried,Bachelor,Business,0,0
CUST0299,1566980,20,603,1,4653446,12,48046,Government,Bachelor,Home,1,1
CUST0300,1388052,12,584,3,2440514,12,38554,Salaried,Bachelor,Personal,1,0
CUST0301,1893136,7,816,1,1221758,48,124322,Salaried,PhD,Personal,0,1
CUST0302,1477076,5,666,1,3740582,48,95824,Business,Master,Home,1,1
CUST0303,1918993,3,665,0,2176869,48,52807,Salaried,Bachelor,Personal,1,1
CUST0304,1360887,11,591,2,3901072,84,59156,Government,PhD,Education,1,1
CUST0305,1987610,12,561,4,992639,60,65114,Salaried,Master,Business,1,0
CUST0306,425546,7,672,0,1041993,120,19244,Self-Employed,High School,Personal,1,1
CUST0307,2104401,13,652,4,1560902,48,125402,Government,High School,Personal,1,1
CUST0308,2076220,3,680,1,2498966,60,134142,Salaried,High School,Home,0,1
CUST0309,326470,2,686,4,3546610,36,16789,Government,Master,Home,0,0
CUST0310,1547223,17,879,2,2799580,12,61496,Self-Employed,High School,Home,1,1
CUST0311,1235146,10,652,0,4346841,12,61928,Salaried,Bachelor,Business,1,1
CUST0312,259141,14,806,2,1869201,24,9847,Self-Employed,High School,Home,1,1
CUST0313,192115,3,811,2,1330280,36,12085,Self-Employed,PhD,Education,1,1
CUST0314,1523276,3,740,0,2900310,120,93326,Salaried,Bachelor,Home,1,1
CUST0315,1754833,6,661,2,4065789,48,84687,Salaried,PhD,Education,0,1
CUST0316,2228891,3,571,3,641058,48,85886,Salaried,PhD,Home,1,1
CUST0317,1350439,11,718,3,3777661,120,50269,Salaried,High School,Vehicle,0,1
CUST0318,976657,4,761,3,1726373,84,25776,Government,Bachelor,Home,1,1
CUST0319,827296,2,819,4,1329372,36,48804,Self-Employed,High School,Education,1,1
CUST0320,1729302,8,604,2,4145228,48,75684,Business,PhD,Personal,1,1
CUST0321,1858687,1,660,0,498402,24,71647,Salaried,Bachelor,Vehicle,0,1
CUST0322,980101,0,604,0,2499851,60,43741,Salaried,High School,Home,1,0
CUST0323,2139406,8,629,4,331833,12,126469,Government,High School,Home,1,1
CUST0324,1863541,0,733,0,1585834,36,56264,Self-Employed,Bachelor,Vehicle,1,1
CUST0325,1999822,11,625,3,2492547,12,121460,Self-Employed,PhD,Education,0,0
CUST0326,1224257,1,614,2,1286968,60,76388,Salaried,Master,Vehicle,1,0
CUST0327,2325472,0,743,0,3128882,36,149867,Salaried,Master,Education,1,1
CUST0328,1144918,6,716,0,1810027,60,47585,Salaried,Bachelor,Education,1,1
CUST0329,676758,8,708,1,1571093,48,23041,Business,High School,Business,1,1
CUST0330,1375225,10,627,1,2038022,120,55790,Salaried,PhD,Vehicle,0,1
CUST0331,1353930,8,783,1,4480806,48,52629,Government,High School,Personal,0,1
CUST0332,628625,2,681,2,3102687,120,20329,Self-Employed,PhD,Home,1,1
CUST0333,208625,11,870,3,72551,48,10494,Salaried,Bachelor,Business,0,1
CUST0334,1687630,12,692,3,3243796,60,75705,Self-Employed,High School,Home,1,1
CUST0335,1456647,1,493,3,143608,60,88958,Government,Master,Business,0,0
CUST0336,668011,7,489,2,2707001,60,17594,Government,PhD,Personal,1,1
CUST0337,1402471,6,729,2,3329692,12,72687,Salaried,PhD,Education,0,1
CUST0338,496205,9,784,1,336539,60,28179,Salaried,High School,Personal,1,1
CUST0339,281376,6,617,0,1641620,48,15938,Salaried,High School,Business,0,0
CUST0340,2094142,7,848,4,2103790,24,129668,Salaried,Bachelor,Personal,0,1
CUST0341,1510228,11,813,4,3099307,60,83630,Self-Employed,Bachelor,Vehicle,0,1
CUST0342,338056,2,696,0,4572781,24,21520,Government,Master,Home,0,1
CUST0343,814457,11,723,1,2614113,120,31650,Salaried,High School,Home,1,1
CUST0344,642785,13,751,0,4744059,48,29546,Government,PhD,Education,0,1
CUST0345,1856273,16,831,0,2851818,60,47495,Self-Employed,Bachelor,Home,1,1
CUST0346,2163167,0,734,4,4095721,12,54706,Salaried,Master,Business,1,1
CUST0347,1728229,7,695,1,1913032,12,60497,Salaried,Bachelor,Business,1,1
CUST0348,1158080,0,733,2,4994614,120,33816,Government,Bachelor,Personal,1,1
CUST0349,922488,0,722,4,3139809,24,33063,Government,PhD,Education,1,1
CUST0350,2218540,8,753,2,2274344,84,71829,Self-Employed,Bachelor,Vehicle,1,1
CUST0351,862568,6,554,1,1428148,12,22589,Salaried,Master,Personal,1,1
CUST0352,901384,9,705,0,3094410,12,56685,Salaried,PhD,Personal,0,1
CUST0353,699777,10,716,3,4706480,12,17734,Salaried,Master,Home,1,1
CUST0354,1162469,14,674,3,4112118,48,64714,Self-Employed,Bachelor,Business,1,1
CUST0355,216321,8,742,1,288826,12,6779,Government,High School,Education,1,1
CUST0356,336498,22,833,3,1767354,36,21202,Salaried,High School,Education,1,1
CUST0357,2118762,9,691,2,800782,60,131786,Government,Bachelor,Education,1,1
CUST0358,574583,17,735,3,3951407,120,30019,Self-Employed,High School,Vehicle,0,0
CUST0359,1280500,0,808,1,531809,12,67878,Self-Employed,Bachelor,Business,1,1
CUST0360,1756590,14,692,1,1284832,84,44305,Business,Bachelor,Business,1,1
CUST0361,1579872,7,608,2,1868182,84,104328,Salaried,Bachelor,Personal,0,0
CUST0362,1256299,0,729,3,4417209,12,77358,Business,Bachelor,Home,1,1
CUST0363,2141977,10,503,3,443781,12,133436,Salaried,High School,Business,1,0
CUST0364,844468,6,496,0,2056260,36,44307,Salaried,High School,Vehicle,1,1
CUST0365,2485938,10,706,4,3208562,12,97861,Government,Master,Home,1,1
CUST0366,2118904,13,492,1,2739290,12,131870,Business,Bachelor,Business,0,0
CUST0367,1208400,0,574,0,87180,60,44887,Self-Employed,Bachelor,Home,1,0
CUST0368,1060112,13,649,1,683976,84,51358,Self-Employed,Bachelor,Personal,1,0
CUST0369,538690,8,622,0,3993855,36,15705,Government,Master,Education,0,1
CUST0370,259973,14,668,4,2301347,84,16486,Government,Bachelor,Education,0,0
CUST0371,814122,6,769,0,4842030,36,25128,Salaried,Bachelor,Business,1,1
CUST0372,2222823,5,699,1,4880083,84,76399,Government,PhD,Home,0,1
CUST0373,1228173,8,612,3,2669893,12,59266,Self-Employed,Master,Home,1,0
CUST0374,1682025,8,788,1,3841860,84,95601,Self-Employed,Bachelor,Education,0,1
CUST0375,2092584,4,565,2,407054,84,106316,Salaried,Bachelor,Education,1,0
CUST0376,1775476,5,697,2,2552656,36,61559,Self-Employed,High School,Business,1,1
CUST0377,405049,1,556,2,1931986,120,10142,Business,Bachelor,Business,0,0
CUST0378,1497191,5,700,2,1039924,24,84663,Self-Employed,PhD,Business,1,1
CUST0379,2443855,11,654,4,2015629,36,161417,Business,Bachelor,Vehicle,1,1
CUST0380,2274529,7,766,3,2878607,36,133620,Salaried,PhD,Education,1,1
CUST0381,927419,13,737,3,1153248,36,40968,Government,Bachelor,Home,1,1
CUST0382,1259924,7,633,1,1684685,48,78943,Government,PhD,Vehicle,1,1
CUST0383,1424380,0,617,0,4313528,120,59933,Self-Employed,Bachelor,Personal,1,0
CUST0384,2016185,10,654,1,1079922,48,94503,Self-Employed,High School,Home,1,1
CUST0385,2412984,4,830,1,284745,48,108295,Self-Employed,Bachelor,Education,1,1
CUST0386,1523499,6,809,1,3633650,36,66502,Government,Bachelor,Business,0,1
CUST0387,1834753,14,602,1,3848570,24,105130,Government,High School,Business,1,1
CUST0388,1282127,2,744,3,2413319,36,60194,Salaried,Master,Vehicle,1,1
CUST0389,584772,8,541,0,1868222,12,22336,Government,Bachelor,Home,0,1
CUST0390,1895499,7,644,1,2885148,24,67776,Salaried,Master,Vehicle,0,1
CUST0391,751107,11,605,3,613506,48,19959,Salaried,Bachelor,Home,0,0
CUST0392,2255406,12,765,1,565729,84,111191,Government,High School,Business,0,1
CUST0393,1188559,9,576,2,2962044,84,41102,Salaried,PhD,Vehicle,0,1
CUST0394,2266213,6,714,1,2133805,120,70642,Government,Bachelor,Business,0,1
CUST0395,1681681,10,680,1,3163192,60,87855,Salaried,Bachelor,Home,1,1
CUST0396,2093722,14,665,4,404182,120,111770,Salaried,Bachelor,Personal,0,1
CUST0397,728884,7,813,2,2690955,24,41065,Self-Employed,Bachelor,Personal,0,1
CUST0398,2179254,6,820,0,3618935,48,100207,Salaried,PhD,Vehicle,0,1
CUST0399,1030538,9,668,1,2548002,24,64153,Government,Master,Education,0,1
CUST0400,1167471,8,652,0,2092532,24,74734,Salaried,Bachelor,Home,0,1
CUST0401,239182,1,559,2,2966585,84,14025,Salaried,Master,Personal,1,0
CUST0402,1546808,9,679,1,1624255,36,79634,Salaried,High School,Business,1,1
CUST0403,1881667,1,836,4,3829404,12,70854,Salaried,Bachelor,Personal,1,1
CUST0404,1368554,9,669,3,4533562,60,90264,Government,PhD,Education,1,1
CUST0405,1003346,4,738,4,2819785,48,36544,Salaried,Bachelor,Education,0,1
CUST0406,438517,8,568,4,3564078,24,14665,Self-Employed,Master,Personal,0,0
CUST0407,1135154,9,645,3,3765663,60,49291,Business,Master,Business,0,0
CUST0408,1537133,20,716,3,3671609,24,42068,Self-Employed,Master,Home,1,1
CUST0409,2414236,11,688,3,2714119,84,158785,Government,PhD,Home,0,1
CUST0410,885475,14,745,1,1361147,12,43847,Salaried,Bachelor,Business,1,1
CUST0411,928013,17,631,0,2147951,84,44736,Salaried,High School,Home,0,1
CUST0412,1432078,10,540,0,1586201,60,74933,Government,Bachelor,Business,0,1
CUST0413,324539,9,769,3,1629889,48,14834,Government,Master,Education,1,1
CUST0414,604226,2,605,4,588769,24,15912,Self-Employed,Bachelor,Vehicle,1,0
CUST0415,1598897,7,720,2,337555,12,80765,Self-Employed,High School,Education,1,1
CUST0416,2289441,4,716,3,1850830,84,125554,Salaried,Bachelor,Personal,1,1
CUST0417,880336,5,546,4,3825944,60,37295,Salaried,PhD,Home,1,1
CUST0418,878956,17,763,4,2794454,84,49708,Government,Master,Business,1,1
CUST0419,2169251,8,634,1,458177,24,74748,Self-Employed,Bachelor,Home,1,1
CUST0420,266365,3,684,1,4758415,24,9114,Self-Employed,High School,Vehicle,0,0
CUST0421,2264298,14,651,0,3247418,48,71836,Government,Bachelor,Personal,1,1
CUST0422,934950,12,809,0,4821462,12,37865,Salaried,High School,Vehicle,1,1
CUST0423,2129022,13,787,2,3171192,36,128363,Salaried,High School,Business,0,1
CUST0424,355211,0,535,2,2838647,84,21133,Government,PhD,Business,1,0
CUST0425,243646,17,860,2,1620497,24,9977,Government,PhD,Vehicle,1,1
CUST0426,445798,5,625,2,784158,60,22087,Self-Employed,High School,Personal,1,0
CUST0427,1710814,11,848,4,2742205,84,94152,Salaried,High School,Personal,0,1
CUST0428,2033751,20,659,4,855231,48,71283,Salaried,Bachelor,Education,1,1
CUST0429,2063376,18,652,0,1472771,48,66040,Self-Employed,Bachelor,Personal,1,1
CUST0430,335683,3,660,1,3219283,24,21988,Salaried,Bachelor,Home,1,1
CUST0431,812259,0,647,1,2529129,24,41207,Government,Bachelor,Home,0,0
CUST0432,716437,15,881,3,905434,24,47207,Business,Bachelor,Home,1,1
CUST0433,1590822,8,673,4,358697,120,62158,Government,Master,Home,0,1
CUST0434,1549909,5,655,2,3460960,36,84149,Salaried,Master,Vehicle,1,1
CUST0435,1991840,11,686,2,3765799,24,68270,Government,Bachelor,Personal,0,1
CUST0436,2167755,7,602,3,4769707,84,77786,Salaried,Bachelor,Vehicle,1,0
CUST0437,2086039,11,807,1,4967790,84,96644,Salaried,PhD,Business,1,1
CUST0438,746956,8,562,2,122908,120,28621,Salaried,PhD,Business,0,0
CUST0439,1635465,11,630,1,1691973,120,52309,Salaried,High School,Vehicle,0,0
CUST0440,1174170,3,754,3,4615391,12,42215,Business,Bachelor,Education,0,1
CUST0441,391830,15,683,1,4253726,60,10379,Salaried,Bachelor,Vehicle,0,1
CUST0442,1425077,11,723,1,892606,24,77454,Salaried,High School,Vehicle,0,1
CUST0443,2442292,11,802,1,3921549,84,111136,Business,Bachelor,Vehicle,1,1
CUST0444,1972725,2,760,2,500415,120,57064,Salaried,Bachelor,Business,1,1
CUST0445,741672,16,690,0,3749446,84,23847,Government,Bachelor,Personal,1,1
CUST0446,701998,7,847,4,4273138,84,20549,Salaried,Bachelor,Home,1,1
CUST0447,1987992,11,629,1,598723,120,100442,Salaried,Bachelor,Education,0,1
CUST0448,255388,6,671,1,3282940,36,7387,Business,PhD,Vehicle,0,1
CUST0449,1955767,9,677,1,1678661,120,110360,Salaried,Bachelor,Business,0,1
CUST0450,1262660,9,671,0,2583922,120,32645,Self-Employed,Master,Personal,1,1
CUST0451,1480035,0,594,3,4823147,60,52379,Salaried,High School,Education,1,0
CUST0452,1863505,10,553,2,135350,120,115744,Salaried,High School,Education,0,1
CUST0453,2382263,17,713,0,4259020,48,130878,Salaried,Bachelor,Personal,0,1
CUST0454,1677618,10,629,1,1158837,120,47040,Salaried,High School,Business,1,1
CUST0455,2440134,3,832,0,995032,84,144489,Salaried,High School,Business,1,1
CUST0456,414386,11,674,0,2935579,24,18872,Government,High School,Education,1,1
CUST0457,1425129,13,659,0,742019,84,85910,Self-Employed,Bachelor,Home,0,1
CUST0458,681174,10,767,3,3694393,60,34079,Salaried,Master,Vehicle,1,1
CUST0459,375246,7,712,4,1490352,48,20041,Salaried,Bachelor,Home,1,1
CUST0460,691083,6,665,2,1959042,120,45885,Business,Master,Personal,1,1
CUST0461,2294785,6,628,3,1927330,36,79584,Business,High School,Vehicle,1,0
CUST0462,1192384,11,900,3,1762460,12,60808,Government,Bachelor,Home,1,1
CUST0463,1046964,0,708,4,605134,120,46254,Government,Bachelor,Vehicle,0,0
CUST0464,229104,6,766,3,4197036,24,6104,Salaried,Master,Business,0,1
CUST0465,1043663,15,598,0,4974824,12,26720,Salaried,PhD,Home,1,1
CUST0466,1768878,16,633,0,2370886,36,53009,Self-Employed,PhD,Home,1,1
CUST0467,744678,0,848,1,1098278,60,38757,Self-Employed,High School,Education,1,1
CUST0468,1320234,2,791,3,173182,60,64205,Self-Employed,Master,Vehicle,1,1
CUST0469,2335145,6,716,1,4292895,36,112226,Salaried,High School,Business,0,1
CUST0470,385768,12,649,2,3493749,84,10156,Business,PhD,Business,1,0
CUST0471,1386861,0,661,0,134106,36,61790,Government,Bachelor,Vehicle,0,1
CUST0472,951148,7,625,2,1700882,120,60422,Salaried,Bachelor,Vehicle,1,1
CUST0473,922296,5,587,4,2509150,24,38336,Government,High School,Business,1,0
CUST0474,2245153,14,753,0,2075216,48,114589,Salaried,High School,Vehicle,1,1
CUST0475,722015,0,723,2,214486,120,41510,Salaried,Master,Education,0,1
CUST0476,1757222,8,738,4,1743696,120,101327,Salaried,PhD,Personal,1,1
CUST0477,437681,6,653,2,2881455,120,20411,Salaried,Bachelor,Business,1,1
CUST0478,274018,15,700,4,3896556,12,16646,Salaried,Master,Vehicle,0,0
CUST0479,1615177,10,645,4,785062,12,66718,Government,Master,Business,1,1
CUST0480,2178197,5,621,0,777468,60,135111,Salaried,Bachelor,Home,1,1
CUST0481,2234780,12,813,1,2114618,120,78238,Self-Employed,High School,Business,1,1
CUST0482,409104,6,689,4,4336812,84,15004,Salaried,High School,Education,1,1
CUST0483,1022186,12,720,4,3504707,60,27817,Salaried,Bachelor,Vehicle,0,1
CUST0484,373510,6,746,0,2865845,24,21719,Government,Bachelor,Business,1,1
CUST0485,1338423,13,690,1,3046038,36,56718,Self-Employed,High School,Vehicle,1,1
CUST0486,2175451,10,699,3,4922587,12,75154,Business,High School,Vehicle,0,1
CUST0487,1673293,24,593,3,3126511,120,57992,Business,High School,Vehicle,0,0
CUST0488,1524613,7,608,1,1952453,24,95377,Salaried,PhD,Home,0,1
CUST0489,1304905,9,604,2,4104066,60,77963,Salaried,High School,Personal,0,0
CUST0490,1259583,5,728,0,3918707,60,60540,Government,Bachelor,Vehicle,1,1
CUST0491,874892,8,685,1,2848658,12,44331,Business,Bachelor,Vehicle,1,1
CUST0492,1544973,0,608,3,1474241,60,69158,Self-Employed,Bachelor,Education,1,0
CUST0493,1240899,10,726,4,952810,84,51273,Government,High School,Business,0,1
CUST0494,384451,14,723,3,4509118,60,24276,Government,Bachelor,Home,1,1
CUST0495,2160290,9,624,4,3764528,48,65313,Salaried,High School,Business,1,0
CUST0496,735655,1,677,0,4430268,36,31217,Self-Employed,Bachelor,Home,1,1
CUST0497,583322,3,723,4,3745611,60,22957,Government,High School,Business,1,1
CUST0498,2345160,0,611,1,1096094,48,107305,Self-Employed,Bachelor,Business,1,0
CUST0499,557539,12,725,4,3442389,24,24569,Salaried,Master,Education,1,1
CUST0500,296492,2,704,2,3466502,60,13822,Salaried,Bachelor,Business,0,0
CUST0501,2349392,7,600,1,804108,84,72431,Salaried,Bachelor,Personal,1,1
CUST0502,1166753,7,697,0,782878,24,54115,Salaried,Bachelor,Home,1,1
CUST0503,1527098,15,709,1,3269919,120,53602,Business,Master,Vehicle,1,1
CUST0504,2412479,8,629,2,1051622,60,78840,Salaried,Bachelor,Home,1,1
CUST0505,1022981,12,636,0,3296319,12,28338,Salaried,Master,Home,0,1
CUST0506,345575,10,599,3,1686617,48,19620,Salaried,Master,Home,1,0
CUST0507,2270545,14,644,2,3780536,48,97202,Self-Employed,Bachelor,Vehicle,1,0
CUST0508,2088802,6,679,0,2413304,12,106758,Self-Employed,Bachelor,Education,1,1
CUST0509,1728075,17,636,4,2516704,36,95590,Salaried,Bachelor,Personal,0,0
CUST0510,673948,0,561,1,2409792,120,35924,Salaried,High School,Business,1,0
CUST0511,893936,12,624,0,411911,84,39873,Salaried,High School,Home,1,1
CUST0512,1740354,3,646,1,1096251,48,71637,Self-Employed,High School,Vehicle,1,0
CUST0513,960641,5,745,4,335356,24,39064,Salaried,High School,Home,0,1
CUST0514,451830,10,727,0,1574205,84,23345,Business,Bachelor,Vehicle,0,1
CUST0515,1734205,10,746,3,3053337,48,79108,Self-Employed,Master,Home,1,1
CUST0516,1884597,11,620,2,1218694,120,113792,Salaried,Bachelor,Education,0,0
CUST0517,2319980,1,691,0,166481,36,142553,Government,PhD,Vehicle,1,1
CUST0518,1015036,15,486,4,4312563,120,32589,Salaried,PhD,Personal,1,1
CUST0519,1460617,3,714,0,3325654,24,44806,Self-Employed,PhD,Education,1,1
CUST0520,934296,4,728,1,3724777,120,47898,Salaried,Master,Vehicle,1,1
CUST0521,2402134,11,651,0,2163527,84,90202,Self-Employed,Bachelor,Home,0,1
CUST0522,1485487,6,703,3,1260213,24,38286,Government,High School,Vehicle,1,1
CUST0523,1297195,9,558,0,2249806,12,80460,Business,Bachelor,Vehicle,1,1
CUST0524,488623,0,615,2,4445102,60,16835,Salaried,Bachelor,Home,1,0
CUST0525,2448115,9,741,0,2292019,12,155993,Salaried,Master,Education,1,1
CUST0526,1370402,9,720,1,2112044,84,75225,Self-Employed,PhD,Home,1,1
CUST0527,1983919,5,647,0,362051,60,112641,Business,Bachelor,Education,0,0
CUST0528,1327116,0,744,3,2841004,12,44318,Business,Bachelor,Home,1,0
CUST0529,2464146,6,691,4,3347334,60,85649,Salaried,High School,Business,1,1
CUST0530,490375,7,639,0,3618125,48,22910,Salaried,High School,Personal,1,1
CUST0531,2306453,6,665,0,2691436,120,74200,Self-Employed,Bachelor,Home,1,1
CUST0532,1451300,0,643,2,1826025,24,54752,Salaried,Bachelor,Business,0,0
CUST0533,1224327,15,585,3,1204258,60,47007,Salaried,Master,Business,1,1
CUST0534,373783,4,780,4,2492905,48,11830,Salaried,Bachelor,Personal,1,0
CUST0535,2295904,6,634,1,1040170,120,77025,Self-Employed,PhD,Business,0,1
CUST0536,1195416,0,613,0,1783341,120,69162,Business,Bachelor,Business,1,0
CUST0537,2113460,15,557,4,1462210,36,67559,Business,Master,Business,0,0
CUST0538,848755,5,469,1,3213257,12,22225,Salaried,High School,Home,1,1
CUST0539,2494181,8,736,3,2724986,36,127759,Self-Employed,Master,Home,0,1
CUST0540,1087669,13,743,3,3465814,84,71422,Government,Master,Education,1,1
CUST0541,1284849,4,775,4,2000256,48,49852,Salaried,High School,Home,0,1
CUST0542,1844742,12,668,1,2853528,36,55238,Self-Employed,High School,Business,1,1
CUST0543,2019903,0,654,3,3458168,36,98502,Salaried,PhD,Education,1,1
CUST0544,557844,10,639,4,4304284,120,35012,Salaried,High School,Business,0,0
CUST0545,190699,15,646,3,893214,48,10997,Salaried,Bachelor,Home,1,0
CUST0546,714003,5,769,3,215301,120,36369,Salaried,Bachelor,Personal,0,1
CUST0547,298413,13,677,3,4864974,24,11377,Self-Employed,Master,Personal,1,0
CUST0548,2162243,17,710,2,1152020,60,102875,Salaried,Master,Home,1,1
CUST0549,1872128,6,644,1,347180,84,53920,Salaried,Bachelor,Education,1,1
CUST0550,1972113,6,785,4,3455914,84,105092,Salaried,Bachelor,Business,1,1
CUST0551,395400,3,527,4,4227927,12,21830,Government,PhD,Home,0,0
CUST0552,2045690,5,582,1,4926831,120,133398,Self-Employed,Master,Education,0,0
CUST0553,572136,3,710,1,1717391,60,20511,Self-Employed,Master,Home,1,1
CUST0554,569954,3,820,1,3279065,12,14687,Self-Employed,Bachelor,Personal,0,1
CUST0555,2315219,13,661,1,3509340,84,110513,Salaried,Bachelor,Personal,1,1
CUST0556,1926621,4,612,0,3268622,60,104903,Salaried,Bachelor,Business,0,0
CUST0557,198073,9,760,4,4690604,36,11475,Government,Master,Business,1,1
CUST0558,216035,8,705,0,637426,24,7144,Salaried,High School,Personal,0,1
CUST0559,1424625,15,783,3,3480460,36,51153,Salaried,Bachelor,Personal,1,1
CUST0560,413782,5,576,3,3190380,24,19182,Government,High School,Personal,0,0
CUST0561,2098370,9,776,4,1181614,120,81364,Salaried,Bachelor,Home,0,1
CUST0562,794805,11,556,3,2106744,48,48367,Salaried,Master,Home,1,0
CUST0563,1763246,15,656,1,2516507,12,78887,Self-Employed,High School,Vehicle,0,1
CUST0564,906331,5,713,0,1716561,12,52853,Salaried,Master,Business,1,1
CUST0565,1974291,4,694,1,826385,48,97120,Government,PhD,Home,1,1
CUST0566,2339081,2,764,3,1954514,60,133823,Self-Employed,Bachelor,Home,0,1
CUST0567,937771,19,533,0,2347167,48,36443,Self-Employed,Master,Personal,1,1
CUST0568,847689,14,691,1,1126419,120,50558,Government,PhD,Personal,1,1
CUST0569,467313,7,775,4,1056840,84,17029,Salaried,PhD,Education,1,1
CUST0570,267468,17,684,1,1031489,48,12772,Salaried,Bachelor,Personal,1,1
CUST0571,2223037,7,588,3,4193315,24,75398,Salaried,High School,Business,1,0
CUST0572,371703,11,760,0,4609512,84,16657,Salaried,High School,Vehicle,0,1
CUST0573,1273609,8,628,4,3322145,48,48724,Business,Master,Education,0,0
CUST0574,1302437,9,614,0,269356,12,47034,Government,Master,Home,1,1
CUST0575,473894,9,603,4,3581024,36,30941,Salaried,Master,Education,1,0
CUST0576,1793325,5,664,0,3045353,24,56794,Salaried,Bachelor,Business,0,1
CUST0577,1306798,13,694,3,1725255,120,75539,Salaried,High School,Business,1,1
CUST0578,2039234,11,578,4,534600,24,134603,Salaried,Bachelor,Home,1,1
CUST0579,2202234,13,594,2,1545318,60,56882,Salaried,Bachelor,Personal,0,0
CUST0580,1883377,9,624,0,1958151,36,101939,Self-Employed,Master,Home,0,1
CUST0581,1432557,3,603,0,2967167,24,50910,Government,Bachelor,Home,1,1
CUST0582,284211,16,682,1,3339363,48,7584,Government,Bachelor,Business,0,1
CUST0583,1670687,6,708,4,2407761,24,69813,Salaried,Bachelor,Business,0,1
CUST0584,667689,9,697,2,696231,24,42710,Salaried,Bachelor,Education,0,1
CUST0585,1103160,11,698,3,819822,24,28119,Self-Employed,Bachelor,Vehicle,1,1
CUST0586,1258560,9,813,1,2836202,60,62292,Government,High School,Business,1,1
CUST0587,2439776,12,713,2,4259229,24,111965,Government,Bachelor,Business,0,1
CUST0588,873045,13,742,4,3937875,24,53597,Business,High School,Vehicle,0,1
CUST0589,1171469,6,646,2,1699379,60,33386,Self-Employed,High School,Home,1,1
CUST0590,325788,16,755,0,2346482,84,17396,Self-Employed,Master,Business,1,1
CUST0591,818387,6,643,0,2807867,36,43651,Salaried,Bachelor,Personal,1,1
CUST0592,1148616,9,712,1,4993999,120,60736,Self-Employed,Master,Home,1,1
CUST0593,203429,6,570,4,3296582,84,13073,Salaried,Master,Education,1,0
CUST0594,1430956,4,693,4,2442001,12,84848,Salaried,Bachelor,Personal,0,0
CUST0595,1670036,13,601,2,2322133,60,44671,Self-Employed,PhD,Education,1,1
CUST0596,1989377,23,754,1,2366830,60,88782,Salaried,High School,Business,1,1
CUST0597,1245923,6,750,4,2275653,24,51807,Salaried,Master,Personal,1,1
CUST0598,1900856,14,642,0,1283387,24,72085,Salaried,PhD,Home,1,1
CUST0599,736110,6,843,2,4855865,120,32245,Salaried,Master,Home,0,1
CUST0600,1144163,7,657,3,100818,12,46919,Salaried,High School,Personal,0,1
CUST0601,1710891,16,551,0,2299119,24,73592,Salaried,Bachelor,Personal,1,1
CUST0602,187967,2,617,1,2501603,48,12368,Salaried,High School,Business,1,0
CUST0603,1437100,1,596,4,1547116,24,41234,Salaried,Bachelor,Business,1,0
CUST0604,1393261,7,710,0,4362946,24,88369,Business,Master,Vehicle,1,1
CUST0605,732467,11,581,3,2956273,48,32968,Salaried,Bachelor,Vehicle,0,0
CUST0606,431537,10,636,3,245428,12,22003,Salaried,Bachelor,Home,0,0
CUST0607,1936124,9,705,1,3944099,48,115375,Self-Employed,Master,Home,1,1
CUST0608,1021531,8,691,0,4645772,60,40880,Government,Bachelor,Business,0,1
CUST0609,1044645,11,678,2,4339991,48,44851,Self-Employed,Master,Personal,1,1
CUST0610,1608127,0,690,0,3857114,36,67643,Salaried,Master,Personal,0,1
CUST0611,1115772,4,650,3,4031048,60,45315,Self-Employed,High School,Personal,1,1
CUST0612,651082,7,551,1,3340633,24,41385,Government,Bachelor,Personal,1,1
CUST0613,2101277,11,648,1,1232618,120,125107,Government,Bachelor,Business,1,1
CUST0614,240545,15,717,2,1721179,60,7106,Self-Employed,Bachelor,Education,0,0
CUST0615,2276594,3,669,1,145494,12,67171,Government,PhD,Vehicle,1,1
CUST0616,1795777,15,711,1,3047439,12,76909,Government,Master,Vehicle,1,1
CUST0617,1153181,5,633,1,3278409,48,33569,Self-Employed,Bachelor,Business,1,1
CUST0618,1671633,7,759,1,4948841,60,84911,Salaried,Bachelor,Home,0,1
CUST0619,881692,10,475,1,3064130,24,27321,Self-Employed,Bachelor,Personal,0,0
CUST0620,1713854,6,691,3,4961165,12,80149,Government,Bachelor,Business,0,1
CUST0621,2241774,13,787,0,4797492,84,56718,Salaried,High School,Education,0,1
CUST0622,1384680,5,799,4,2161278,24,52883,Business,Bachelor,Business,1,1
CUST0623,1945524,6,661,1,3938832,84,103533,Salaried,High School,Vehicle,1,1
CUST0624,1430632,13,573,4,4585751,36,64619,Self-Employed,Bachelor,Home,0,0
CUST0625,2196411,4,789,4,266651,84,144438,Government,Bachelor,Vehicle,0,1
CUST0626,2155154,9,675,3,1590856,12,132371,Salaried,PhD,Home,0,1
CUST0627,317478,0,667,1,3504520,48,12686,Self-Employed,Master,Home,1,0
CUST0628,1089711,17,608,4,655502,36,29308,Salaried,Bachelor,Education,1,1
CUST0629,1799715,14,580,1,2585244,60,108404,Salaried,High School,Vehicle,1,1
CUST0630,1807687,21,725,2,1610155,24,113826,Salaried,Bachelor,Personal,1,1
CUST0631,2300464,14,733,2,4991824,12,136170,Salaried,Bachelor,Vehicle,1,1
CUST0632,1140612,2,696,2,4090114,36,34596,Salaried,Bachelor,Personal,0,1
CUST0633,607387,11,618,4,1661589,36,40439,Business,Master,Home,0,0
CUST0634,2113731,3,594,2,518163,12,75617,Business,Bachelor,Home,1,0
CUST0635,1724613,15,565,3,889812,60,95155,Salaried,Bachelor,Business,1,0
CUST0636,1477638,2,635,3,820008,60,92847,Government,Bachelor,Home,0,0
CUST0637,615684,2,599,4,4548907,48,21438,Salaried,PhD,Vehicle,0,0
CUST0638,2334174,0,543,1,3050102,120,146689,Salaried,PhD,Vehicle,0,0
CUST0639,1410844,5,732,0,3981926,84,53464,Salaried,Bachelor,Personal,1,1
CUST0640,669626,4,574,1,1094654,60,43983,Business,Bachelor,Home,1,0
CUST0641,468859,1,758,1,2428772,48,17216,Business,Bachelor,Business,1,1
CUST0642,994037,17,711,1,3526452,84,64340,Salaried,High School,Business,0,1
CUST0643,1852717,10,703,1,3447559,36,50451,Salaried,Bachelor,Home,0,1
CUST0644,735462,10,813,0,398737,12,40121,Salaried,Bachelor,Business,0,1
CUST0645,1107460,15,577,2,2871562,60,52240,Self-Employed,High School,Education,1,0
CUST0646,1726236,9,749,1,1499299,48,77527,Self-Employed,High School,Education,1,1
CUST0647,1421597,4,656,3,1562185,36,48778,Salaried,Bachelor,Education,1,1
CUST0648,2470870,0,885,4,2814630,60,134414,Government,Master,Home,0,1
CUST0649,774305,3,649,4,231601,24,25513,Salaried,Bachelor,Business,1,0
CUST0650,243037,15,636,3,4312986,120,11674,Business,Master,Education,1,0
CUST0651,1462789,1,714,1,3418737,36,52004,Self-Employed,Bachelor,Home,1,1
CUST0652,384366,9,663,0,2594544,60,24913,Salaried,Bachelor,Education,1,1
CUST0653,682420,13,619,2,1345129,36,17874,Government,Bachelor,Home,1,1
CUST0654,2431401,9,602,4,3549585,12,81019,Government,Master,Education,1,1
CUST0655,1514742,9,796,2,1464780,12,53161,Salaried,High School,Home,0,1
CUST0656,1859161,11,586,0,4904078,120,78554,Salaried,Bachelor,Business,0,1
CUST0657,1218199,9,697,4,2078217,12,42267,Business,Bachelor,Vehicle,0,1
CUST0658,840902,16,764,2,709297,84,38238,Salaried,Bachelor,Business,1,1
CUST0659,1718112,2,768,0,2614878,24,105410,Salaried,PhD,Vehicle,1,1
CUST0660,1289004,9,631,2,1212936,12,70468,Self-Employed,High School,Business,0,0
CUST0661,1906676,0,663,1,639306,24,93741,Government,Bachelor,Business,1,1
CUST0662,1550073,0,647,0,1495819,12,44500,Government,Bachelor,Vehicle,1,1
CUST0663,1865996,7,557,2,3960920,84,100607,Business,Master,Education,1,1
CUST0664,1416180,10,723,1,2283969,36,45224,Self-Employed,Bachelor,Vehicle,1,1
CUST0665,882436,16,683,1,242803,60,50974,Salaried,Master,Education,1,1
CUST0666,1532144,20,795,0,1709848,60,54267,Self-Employed,Master,Education,0,1
CUST0667,1731330,14,614,3,2962035,12,73368,Government,Bachelor,Vehicle,0,0
CUST0668,1151248,11,767,4,2503039,60,45592,Salaried,Bachelor,Home,1,1
CUST0669,643547,8,772,0,3346581,12,39117,Salaried,Bachelor,Education,0,1
CUST0670,1364446,0,683,1,2025516,12,41305,Salaried,Master,Home,0,1
CUST0671,1513140,7,506,1,4578458,120,73490,Self-Employed,High School,Education,1,0
CUST0672,1873439,14,638,0,4452140,48,57925,Government,Bachelor,Home,1,1
CUST0673,2011094,12,822,3,4377219,48,109336,Self-Employed,Master,Business,1,1
CUST0674,1239325,1,703,4,4440985,120,77720,Business,Bachelor,Vehicle,0,0
CUST0675,1909057,11,735,2,852491,48,82296,Salaried,Bachelor,Vehicle,1,1
CUST0676,2143571,10,672,0,827150,24,97183,Business,Bachelor,Education,0,1
CUST0677,1528207,9,662,4,3367568,48,97259,Government,High School,Personal,0,1
CUST0678,405019,7,530,4,3077929,12,18917,Salaried,Bachelor,Business,1,0
CUST0679,1655153,11,743,1,821469,84,75005,Business,Bachelor,Education,0,1
CUST0680,2036231,11,766,2,2371991,84,99972,Salaried,PhD,Vehicle,0,1
CUST0681,777218,4,603,0,1726099,36,41750,Government,Bachelor,Vehicle,1,1
CUST0682,997052,10,665,1,2140651,48,29366,Government,Master,Vehicle,0,1
CUST0683,2165957,7,654,1,3765526,84,128252,Government,Bachelor,Home,1,1
CUST0684,899401,0,713,3,824456,48,38805,Self-Employed,High School,Business,1,0
CUST0685,2255020,5,636,4,3004233,36,63173,Salaried,Master,Personal,1,0
CUST0686,1608080,0,754,0,943155,84,92878,Self-Employed,High School,Business,0,1
CUST0687,1281928,12,685,0,577169,12,52182,Salaried,PhD,Vehicle,1,1
CUST0688,2280343,9,476,0,3831876,24,66544,Government,Master,Business,0,1
CUST0689,2105544,6,715,1,1947465,120,108240,Government,Bachelor,Vehicle,1,1
CUST0690,1424289,15,759,3,2313567,120,87838,Business,Bachelor,Home,0,1
CUST0691,622939,8,587,2,4715770,120,38615,Salaried,Bachelor,Business,0,0
CUST0692,1232207,0,712,1,2120569,48,79973,Government,Bachelor,Home,1,1
CUST0693,484224,5,826,2,1366461,84,29612,Business,Bachelor,Vehicle,0,1
CUST0694,400169,16,688,3,197733,84,10039,Government,Bachelor,Vehicle,0,1
CUST0695,1642073,4,771,4,4079251,36,67067,Salaried,Bachelor,Home,0,1
CUST0696,732959,9,644,0,344977,12,43322,Salaried,High School,Vehicle,1,1
CUST0697,1875675,11,678,2,2774006,60,75515,Salaried,Master,Education,0,1
CUST0698,2499124,10,663,1,1169816,84,125117,Self-Employed,Master,Home,1,1
CUST0699,2253290,20,649,2,2778338,24,113257,Self-Employed,Bachelor,Education,0,0
CUST0700,1618454,2,668,4,2356456,36,65077,Business,Master,Home,1,1
CUST0701,928321,2,549,0,4021183,84,58193,Salaried,Bachelor,Education,1,1
CUST0702,1907408,2,653,2,4022369,84,87679,Salaried,High School,Education,1,1
CUST0703,1235675,6,787,4,4600038,36,54821,Self-Employed,Bachelor,Vehicle,1,1
CUST0704,2002550,13,602,1,3276250,36,133295,Government,Bachelor,Vehicle,0,1
CUST0705,1145188,2,594,3,2520950,48,52177,Business,Bachelor,Business,0,0
CUST0706,734399,13,684,1,2816952,84,23818,Government,Master,Home,0,1
CUST0707,2341088,8,688,0,451176,60,108574,Salaried,PhD,Personal,1,1
CUST0708,667510,2,710,1,1121038,24,39327,Self-Employed,Bachelor,Vehicle,1,1
CUST0709,2340682,0,670,1,1093423,12,134283,Government,Master,Home,1,1
CUST0710,1780946,0,685,1,1902829,12,103041,Self-Employed,High School,Vehicle,0,1
CUST0711,1853879,4,651,1,2567626,60,101038,Salaried,High School,Home,1,1
CUST0712,1960752,7,577,0,142889,36,69787,Salaried,Master,Business,1,1
CUST0713,2098596,14,674,4,4333256,36,127846,Salaried,Bachelor,Business,1,1
CUST0714,1054772,11,737,2,767884,36,65635,Government,Bachelor,Education,1,1
CUST0715,321214,3,721,3,4659635,84,10628,Salaried,Bachelor,Personal,0,0
CUST0716,1801219,10,540,2,2848945,36,54821,Salaried,Bachelor,Education,0,1
CUST0717,583082,16,700,2,4465880,36,38279,Salaried,High School,Home,1,1
CUST0718,381139,17,608,3,3152923,84,23318,Self-Employed,Bachelor,Personal,0,0
CUST0719,1208494,6,791,0,4987985,84,75190,Salaried,High School,Personal,0,1
CUST0720,1201318,12,706,3,2645301,60,74400,Self-Employed,High School,Vehicle,0,1
CUST0721,1679698,14,751,0,915796,48,79903,Salaried,Bachelor,Business,0,1
CUST0722,1387786,0,681,2,3003661,84,72072,Salaried,Bachelor,Home,1,1
CUST0723,272601,5,674,0,2449940,24,13009,Self-Employed,Master,Vehicle,0,1
CUST0724,809085,19,799,4,3187877,36,21953,Salaried,High School,Home,1,1
CUST0725,2139925,6,757,3,4498388,48,119969,Salaried,High School,Home,1,1
CUST0726,1698087,0,689,4,179466,12,78206,Salaried,Bachelor,Business,1,1
CUST0727,1889375,7,664,2,2161740,60,98224,Government,Bachelor,Home,1,1
CUST0728,2193321,13,543,3,4031576,48,100768,Self-Employed,High School,Home,0,0
CUST0729,2057541,8,705,2,3357657,84,93601,Salaried,High School,Education,1,1
CUST0730,783103,11,669,4,1644575,36,25182,Salaried,PhD,Home,1,1
CUST0731,219279,12,724,2,4904761,36,8028,Business,Master,Home,1,1
CUST0732,551931,6,748,3,1782329,36,17451,Self-Employed,Bachelor,Home,1,1
CUST0733,2169968,5,778,3,1907084,48,71940,Salaried,Bachelor,Home,1,1
CUST0734,2425854,8,706,2,1444994,36,158992,Government,Bachelor,Vehicle,1,1
CUST0735,1289639,8,596,3,4564057,84,40468,Government,Bachelor,Vehicle,1,0
CUST0736,1482887,8,508,3,3880405,48,53709,Government,Bachelor,Business,0,0
CUST0737,1919080,8,614,2,1596557,36,95201,Self-Employed,Master,Business,0,0
CUST0738,625377,4,786,4,3135689,12,31534,Salaried,High School,Home,1,1
CUST0739,1718510,11,825,3,4299790,12,53988,Salaried,Master,Home,1,1
CUST0740,1437008,10,660,3,3250890,24,83449,Business,High School,Home,0,1
CUST0741,2459203,1,563,3,4978951,36,141937,Self-Employed,Bachelor,Business,1,0
CUST0742,1123693,6,628,3,79882,36,39203,Salaried,High School,Vehicle,1,0
CUST0743,1681352,8,771,2,2725518,48,62256,Business,High School,Business,1,1
CUST0744,303257,5,632,4,2992318,48,19433,Business,PhD,Education,1,0
CUST0745,1497630,11,727,4,1337256,120,88963,Business,Bachelor,Home,1,1
CUST0746,1183171,7,693,0,4419202,36,63979,Government,High School,Vehicle,1,1
CUST0747,2233607,8,736,3,1448705,24,63493,Business,PhD,Education,1,1
CUST0748,1550485,5,825,3,4867530,36,65783,Salaried,Master,Vehicle,1,1
CUST0749,1861076,0,727,0,606831,84,89897,Government,Master,Business,0,1
CUST0750,1791935,0,691,4,698567,48,58791,Government,PhD,Vehicle,1,1
CUST0751,292990,10,834,1,4647577,36,12796,Salaried,Bachelor,Personal,0,1
CUST0752,1298095,9,707,1,3438449,48,64960,Salaried,Master,Personal,0,1
CUST0753,1238079,10,616,4,879347,36,47840,Business,Master,Business,1,0
CUST0754,1420351,8,734,3,739517,60,81726,Salaried,Master,Business,1,1
CUST0755,1161883,9,715,1,423519,48,69734,Government,Master,Home,1,1
CUST0756,1848321,12,655,2,3092398,24,71130,Salaried,Bachelor,Personal,0,1
CUST0757,893226,10,638,2,2080888,60,53543,Salaried,Master,Business,1,1
CUST0758,1798702,13,656,0,1087904,84,52730,Self-Employed,Bachelor,Home,1,1
CUST0759,2140208,8,637,4,4419246,36,128209,Salaried,Bachelor,Education,1,0
CUST0760,1680071,6,658,4,3260557,120,52694,Self-Employed,High School,Home,0,1
CUST0761,206806,8,612,1,2917042,84,5884,Self-Employed,PhD,Business,1,0
CUST0762,1404648,3,710,3,1633452,48,72677,Salaried,Bachelor,Business,1,1
CUST0763,595384,6,704,4,941712,60,26592,Salaried,Bachelor,Education,0,1
CUST0764,250119,8,707,1,2093419,84,15714,Salaried,Bachelor,Home,0,1
CUST0765,2053722,8,675,1,322743,24,82421,Salaried,PhD,Personal,1,1
CUST0766,1413741,7,665,4,384738,120,52258,Government,Bachelor,Vehicle,1,1
CUST0767,1699603,1,795,1,4977094,48,77950,Salaried,Master,Vehicle,1,1
CUST0768,2148541,11,685,0,4528597,60,94530,Salaried,Master,Education,1,1
CUST0769,1930740,12,781,0,3337008,84,75976,Self-Employed,Bachelor,Vehicle,0,1
CUST0770,1043403,16,600,4,247170,60,56245,Salaried,Bachelor,Business,0,0
CUST0771,1059903,10,727,3,4424296,60,60041,Salaried,Master,Home,0,1
CUST0772,1065421,8,621,0,4815358,84,64501,Salaried,PhD,Home,0,1
CUST0773,264080,2,635,0,4039174,12,17306,Government,Master,Education,1,0
CUST0774,1481367,15,647,4,2624584,36,53493,Business,Bachelor,Home,0,0
CUST0775,1158836,9,642,2,2758562,48,63547,Government,Master,Personal,1,1
CUST0776,2401599,8,642,1,2615513,48,99492,Salaried,Bachelor,Home,1,1
CUST0777,2397181,6,777,0,3278939,120,127558,Salaried,Bachelor,Education,1,1
CUST0778,359830,6,683,2,3617008,120,16132,Self-Employed,Master,Business,1,1
CUST0779,1736518,11,698,3,497095,120,115317,Government,High School,Education,1,1
CUST0780,486094,2,643,2,3322262,48,26915,Business,Master,Business,1,0
CUST0781,1416497,16,748,4,2535500,60,91629,Salaried,Bachelor,Home,0,1
CUST0782,1591220,15,708,3,3631884,120,95139,Salaried,Master,Vehicle,0,1
CUST0783,863404,6,655,3,2751433,84,54067,Self-Employed,High School,Education,1,1
CUST0784,1727261,3,553,2,1035979,36,101794,Government,Bachelor,Business,0,0
CUST0785,1046183,0,697,4,885358,24,46169,Government,Master,Vehicle,1,1
CUST0786,802893,1,726,0,1529995,48,28495,Self-Employed,High School,Personal,1,1
CUST0787,1021965,11,601,2,1842837,84,41318,Business,High School,Vehicle,1,1
CUST0788,524710,9,656,0,2021472,36,13560,Self-Employed,PhD,Business,0,1
CUST0789,812543,10,722,2,4448884,36,38053,Business,Bachelor,Education,1,1
CUST0790,631157,0,554,0,4818977,12,29061,Business,PhD,Business,0,0
CUST0791,1286581,6,628,2,1129229,84,60321,Government,High School,Vehicle,1,1
CUST0792,1445898,14,710,3,1190441,48,94828,Salaried,Bachelor,Personal,0,1
CUST0793,2300539,7,768,1,3673664,120,144881,Salaried,Master,Home,1,1
CUST0794,1060412,1,854,3,4894405,60,33655,Self-Employed,Master,Education,0,1
CUST0795,1932844,7,836,0,1244447,120,78029,Self-Employed,Bachelor,Vehicle,0,1
CUST0796,2421281,4,691,4,1637916,36,103303,Government,Bachelor,Education,1,1
CUST0797,1872110,9,641,3,2284268,36,74925,Salaried,Master,Education,0,0
CUST0798,497875,8,753,1,4464679,24,29011,Salaried,Bachelor,Education,1,1
CUST0799,1908794,10,636,0,2653087,120,89398,Government,Bachelor,Business,0,1
CUST0800,1408337,1,619,3,3868362,12,68779,Salaried,High School,Personal,0,0
CUST0801,664814,5,655,2,1333596,36,40249,Salaried,Bachelor,Business,1,1
CUST0802,1406134,13,645,4,99892,36,82371,Salaried,Bachelor,Home,0,0
CUST0803,1810668,1,713,0,395535,60,55241,Self-Employed,Bachelor,Home,0,1
CUST0804,1599541,2,631,3,3451944,60,87569,Salaried,Bachelor,Home,1,0
CUST0805,1232330,8,686,0,3168113,24,53166,Government,High School,Business,0,1
CUST0806,1779908,9,807,2,1257935,84,66349,Salaried,High School,Business,0,1
CUST0807,2344412,5,689,1,833059,24,63496,Business,Master,Home,0,1
CUST0808,1295488,6,801,3,2272854,24,58688,Self-Employed,Bachelor,Vehicle,1,1
CUST0809,2164117,10,776,0,4317831,60,86153,Salaried,Master,Vehicle,1,1
CUST0810,1048374,12,727,0,3342239,120,37196,Salaried,Master,Home,0,1
CUST0811,1935548,2,651,0,965108,120,104412,Salaried,High School,Education,1,1
CUST0812,209725,9,763,1,4927323,120,11967,Self-Employed,Bachelor,Personal,0,1
CUST0813,1365574,15,660,0,2434272,84,48067,Salaried,High School,Education,1,1
CUST0814,284555,7,679,4,3016227,60,7700,Salaried,Master,Vehicle,0,0
CUST0815,975928,2,706,4,2870377,12,58911,Self-Employed,PhD,Business,1,1
CUST0816,1809311,2,679,0,1468351,48,45983,Salaried,Bachelor,Vehicle,1,1
CUST0817,1068036,7,622,4,4967970,48,68403,Salaried,Master,Vehicle,1,0
CUST0818,2005977,13,557,3,3776713,12,102607,Government,Bachelor,Vehicle,1,1
CUST0819,1162599,7,756,4,644670,120,44655,Business,Bachelor,Personal,0,1
CUST0820,2332299,8,725,0,853083,48,82259,Salaried,Master,Personal,0,1
CUST0821,726015,3,542,2,230116,84,18422,Salaried,High School,Business,0,0
CUST0822,1323657,12,620,3,4258937,60,46078,Business,Bachelor,Home,0,0
CUST0823,1613441,2,694,1,4323468,48,49595,Salaried,Bachelor,Education,0,1
CUST0824,1820920,5,715,0,837001,84,91969,Business,Master,Vehicle,0,1
CUST0825,1887017,11,558,1,4367729,60,60270,Salaried,Bachelor,Vehicle,1,1
CUST0826,869556,0,672,2,345182,84,40891,Government,PhD,Home,0,1
CUST0827,2433722,8,723,1,1278736,12,120683,Salaried,High School,Home,0,1
CUST0828,1829729,2,651,0,1302825,24,68465,Business,Bachelor,Vehicle,0,1
CUST0829,1296271,8,700,0,2352690,12,34300,Salaried,Master,Home,1,1
CUST0830,2394387,6,640,2,772153,48,63576,Self-Employed,Bachelor,Business,0,0
CUST0831,1669493,18,752,0,3662730,60,43570,Salaried,Master,Vehicle,1,1
CUST0832,1861641,6,616,2,3496010,84,103873,Salaried,High School,Business,1,1
CUST0833,1247609,17,588,2,2619395,48,47721,Government,High School,Home,1,1
CUST0834,696409,10,682,0,3382951,48,40516,Self-Employed,High School,Home,0,1
CUST0835,846165,3,565,4,3044324,24,36375,Business,PhD,Home,0,0
CUST0836,1423085,9,511,2,361416,120,62437,Salaried,Bachelor,Home,1,1
CUST0837,1606445,6,766,0,187980,48,74491,Government,Master,Business,0,1
CUST0838,2422168,9,601,4,2551212,24,132515,Salaried,Bachelor,Business,0,0
CUST0839,462017,4,573,2,4974191,60,16815,Business,Bachelor,Home,0,0
CUST0840,1920687,16,615,4,4470605,60,57747,Business,Bachelor,Home,1,0
CUST0841,2115090,12,611,3,874765,84,101881,Salaried,PhD,Home,1,1
CUST0842,925182,8,668,3,957651,120,35734,Government,Master,Personal,1,1
CUST0843,596978,16,592,4,1443749,24,25931,Government,Master,Business,1,0
CUST0844,1213316,8,719,2,1400417,12,63039,Salaried,High School,Personal,1,1
CUST0845,804771,13,731,0,1040391,60,36688,Self-Employed,Bachelor,Vehicle,1,1
CUST0846,1762460,8,578,1,4299367,120,89612,Salaried,Bachelor,Business,1,1
CUST0847,1860403,9,630,0,637069,84,88694,Government,PhD,Vehicle,1,1
CUST0848,722601,7,638,1,3997061,12,40339,Salaried,Bachelor,Home,1,1
CUST0849,2128183,8,666,1,3206366,60,115803,Salaried,Bachelor,Vehicle,0,1
CUST0850,1950485,8,766,2,2365138,60,92175,Salaried,Bachelor,Home,0,1
CUST0851,1343490,4,771,4,4465972,84,71591,Self-Employed,Bachelor,Vehicle,1,1
CUST0852,727993,5,879,0,4759822,84,44697,Government,High School,Home,1,1
CUST0853,2381044,6,498,4,599666,36,102411,Business,Master,Vehicle,1,0
CUST0854,1492743,9,606,3,4033027,48,62991,Salaried,Bachelor,Home,1,1
CUST0855,1419444,7,825,2,1216747,48,80686,Salaried,Master,Personal,1,1
CUST0856,2107205,13,535,2,3934817,12,103828,Government,Master,Education,1,1
CUST0857,284195,12,823,3,4832969,48,7945,Self-Employed,Bachelor,Vehicle,1,1
CUST0858,1262424,7,691,0,4823283,12,78486,Salaried,Bachelor,Business,0,1
CUST0859,1112883,14,694,3,3185392,120,29249,Salaried,High School,Education,1,1
CUST0860,1518486,17,577,0,2109417,60,85313,Self-Employed,PhD,Business,1,1
CUST0861,1206630,0,643,1,4238432,36,68315,Salaried,Bachelor,Personal,1,0
CUST0862,2345251,12,819,2,2458359,36,151768,Government,Bachelor,Home,0,1
CUST0863,1657852,4,676,0,4860374,60,45185,Self-Employed,Bachelor,Personal,0,1
CUST0864,1900023,12,644,4,1882760,84,94752,Government,Bachelor,Business,1,0
CUST0865,666275,14,712,4,2492367,24,28534,Self-Employed,Bachelor,Vehicle,1,1
CUST0866,478871,3,664,2,2589065,24,18568,Salaried,Bachelor,Education,1,1
CUST0867,1337655,0,707,3,4838875,48,38475,Government,Master,Business,0,1
CUST0868,1474929,12,612,3,2206719,84,71451,Self-Employed,Master,Personal,1,0
CUST0869,1423294,8,673,0,2076091,12,63991,Salaried,Bachelor,Education,1,1
CUST0870,2206683,0,628,3,1240334,120,64780,Self-Employed,Bachelor,Business,0,0
CUST0871,1076816,20,535,2,4150681,36,54401,Salaried,Master,Home,1,1
CUST0872,623031,11,718,0,3781622,48,34732,Government,High School,Home,1,1
CUST0873,1270668,11,581,1,766079,60,72389,Self-Employed,Master,Business,1,1
CUST0874,2430041,14,666,3,3137686,84,152421,Government,Bachelor,Vehicle,1,1
CUST0875,2452158,5,754,3,1004227,36,103140,Salaried,Master,Business,1,1
CUST0876,1965516,8,560,0,2963461,12,127191,Salaried,Bachelor,Home,1,1
CUST0877,1496189,1,728,4,4493769,12,91356,Business,Bachelor,Education,0,0
CUST0878,470998,4,656,3,2371741,24,17593,Government,Master,Education,1,1
CUST0879,841616,9,602,2,2685466,48,26626,Salaried,High School,Business,0,0
CUST0880,2008022,0,841,3,4122476,60,86628,Salaried,Bachelor,Personal,0,1
CUST0881,2353408,4,679,1,4539929,36,98244,Salaried,Bachelor,Vehicle,0,1
CUST0882,1589854,3,634,3,4071340,120,77884,Self-Employed,Master,Home,0,0
CUST0883,361360,8,617,4,4877976,12,17817,Government,Bachelor,Personal,1,0
CUST0884,1518106,10,750,3,3448499,36,85392,Government,Master,Business,1,1
CUST0885,1471210,11,631,0,108031,60,68036,Self-Employed,Bachelor,Vehicle,0,1
CUST0886,1113688,12,740,3,1968135,36,32706,Government,High School,Home,1,1
CUST0887,2310939,14,679,4,2501550,48,140417,Salaried,Master,Vehicle,1,1
CUST0888,1681584,11,769,0,2131552,24,63743,Salaried,High School,Home,1,1
CUST0889,2049059,17,596,2,4586672,36,134153,Self-Employed,Bachelor,Education,1,0
CUST0890,491955,8,607,0,2234847,84,14714,Business,High School,Home,0,0
CUST0891,2307599,7,657,1,1228642,24,149825,Government,Bachelor,Home,1,1
CUST0892,2405198,11,664,0,2691532,60,69250,Self-Employed,Bachelor,Home,1,1
CUST0893,919290,6,651,2,4161932,24,31831,Self-Employed,Bachelor,Home,1,1
CUST0894,1745070,17,890,3,1680969,36,47013,Business,Bachelor,Home,1,1
CUST0895,821147,13,845,0,1784441,36,44653,Salaried,Bachelor,Vehicle,1,1
CUST0896,368490,11,703,0,1302876,84,22267,Salaried,Bachelor,Home,1,1
CUST0897,684409,8,713,0,4535003,12,29488,Business,Bachelor,Business,1,1
CUST0898,696595,5,661,0,2743374,84,44365,Government,PhD,Home,1,1
CUST0899,843689,11,596,2,3010841,36,41843,Salaried,Master,Personal,0,0
CUST0900,2443089,2,665,4,2642859,120,125209,Self-Employed,High School,Personal,0,0
CUST0901,1275426,15,741,4,1968715,24,76813,Salaried,High School,Home,0,1
CUST0902,423306,7,784,0,541513,84,15817,Salaried,PhD,Business,1,1
CUST0903,1919461,9,759,2,2227890,84,76319,Business,Bachelor,Home,1,1
CUST0904,2330224,3,559,2,4580044,120,146216,Salaried,Bachelor,Personal,0,0
CUST0905,1706322,11,656,0,4374917,120,106713,Government,Master,Business,1,1
CUST0906,1251860,5,562,1,4317905,120,82230,Salaried,Bachelor,Home,1,1
CUST0907,2207410,11,773,0,3225601,12,138132,Self-Employed,Bachelor,Education,1,1
CUST0908,2360521,11,647,1,1790584,36,71540,Salaried,PhD,Home,0,1
CUST0909,991554,4,676,0,3267196,36,58820,Government,Master,Education,1,1
CUST0910,767100,2,718,1,3916217,60,32276,Self-Employed,High School,Vehicle,1,1
CUST0911,2057971,15,900,1,187405,12,136409,Self-Employed,High School,Business,1,1
CUST0912,949097,7,701,0,171173,60,42404,Salaried,Bachelor,Education,1,1
CUST0913,1516921,9,660,1,96638,60,72928,Salaried,Master,Home,1,1
CUST0914,2427939,10,580,3,1212496,60,114292,Salaried,Bachelor,Home,0,0
CUST0915,340381,1,796,4,2557413,48,13072,Salaried,High School,Home,1,0
CUST0916,1899014,10,665,2,3891829,60,53411,Self-Employed,PhD,Vehicle,0,1
CUST0917,1757969,8,812,1,4201538,84,109554,Self-Employed,High School,Home,0,1
CUST0918,1084098,4,768,1,2155039,24,63359,Self-Employed,High School,Business,0,1
CUST0919,1585568,2,642,2,2114798,84,48857,Self-Employed,Bachelor,Education,0,0
CUST0920,248920,11,568,1,2900418,84,14279,Salaried,Bachelor,Home,0,0
CUST0921,1010051,13,701,2,3169810,36,51590,Salaried,Bachelor,Business,1,1
CUST0922,2284683,8,630,0,871929,48,96065,Salaried,PhD,Business,1,1
CUST0923,1891672,0,683,3,4960673,60,67313,Government,Master,Education,1,1
CUST0924,1891646,2,763,3,3822217,36,115053,Self-Employed,Bachelor,Business,1,1
CUST0925,1815288,5,547,4,2077842,12,98342,Salaried,Bachelor,Business,0,0
CUST0926,2409655,15,701,1,784459,12,115235,Salaried,Bachelor,Education,0,1
CUST0927,1958539,6,740,4,2437842,36,98707,Government,Bachelor,Business,1,1
CUST0928,844917,5,744,0,2356648,24,24328,Government,High School,Vehicle,1,1
CUST0929,1594022,0,570,3,2839850,36,71327,Self-Employed,PhD,Home,1,0
CUST0930,1132246,4,713,0,1526075,36,37444,Salaried,High School,Business,1,1
CUST0931,199675,1,776,0,2753934,48,6725,Salaried,High School,Home,1,1
CUST0932,253997,2,707,1,3667114,12,13348,Business,Bachelor,Home,1,0
CUST0933,2425239,8,670,0,358710,12,152714,Government,Bachelor,Business,1,1
CUST0934,1147561,5,771,3,4591912,60,47994,Salaried,High School,Personal,0,1
CUST0935,2178671,16,624,4,3953869,84,73325,Government,High School,Personal,1,0
CUST0936,666799,13,557,3,4326295,36,34694,Government,Bachelor,Home,1,0
CUST0937,935678,4,663,1,2501976,36,57356,Salaried,Master,Education,1,1
CUST0938,2418057,3,722,3,3247860,24,135846,Salaried,Bachelor,Business,0,1
CUST0939,450040,14,763,2,2402221,120,27541,Salaried,Bachelor,Home,1,1
CUST0940,1654764,16,722,4,4730018,120,78363,Salaried,Bachelor,Vehicle,0,1
CUST0941,746088,0,746,2,2830596,12,42025,Government,Master,Vehicle,1,1
CUST0942,1324620,8,763,2,4090015,24,40846,Salaried,Bachelor,Personal,0,1
CUST0943,1942999,6,652,1,4920807,48,76770,Government,High School,Home,0,1
CUST0944,838003,11,668,0,3287355,60,34551,Business,Bachelor,Home,1,1
CUST0945,985113,17,782,2,172772,24,45614,Salaried,Master,Vehicle,0,1
CUST0946,2196106,5,583,3,4127411,12,139917,Self-Employed,High School,Vehicle,0,0
CUST0947,1113396,0,714,0,1027469,48,68394,Government,Bachelor,Personal,0,1
CUST0948,1013731,10,622,3,1357589,36,31025,Government,High School,Home,0,0
CUST0949,1783546,14,768,3,4046228,48,57429,Government,High School,Business,1,1
CUST0950,2272101,6,678,0,1515741,84,90660,Salaried,Bachelor,Business,1,1
CUST0951,1980830,4,680,0,756412,24,73517,Self-Employed,Bachelor,Home,1,1
CUST0952,2139310,5,818,3,2851329,12,108282,Self-Employed,Master,Business,1,1
CUST0953,1636081,12,593,1,341799,24,102444,Business,Bachelor,Business,1,0
CUST0954,295359,5,697,4,238874,36,19226,Salaried,Bachelor,Home,1,1
CUST0955,2194410,9,665,4,2358436,120,114621,Business,Bachelor,Home,1,1
CUST0956,2343859,8,722,1,523818,36,140451,Salaried,Bachelor,Business,1,1
CUST0957,431351,7,834,0,4179014,12,20223,Business,High School,Business,1,1
CUST0958,1467087,11,631,3,3085865,84,49411,Self-Employed,Master,Personal,1,0
CUST0959,1464294,5,584,4,3933424,60,68619,Self-Employed,PhD,Education,0,0
CUST0960,2327753,5,615,3,4487022,48,112031,Self-Employed,High School,Home,0,0
CUST0961,1864351,11,661,1,767167,48,104283,Salaried,High School,Personal,1,1
CUST0962,1906605,3,685,3,2694526,36,65133,Salaried,High School,Personal,1,1
CUST0963,1692760,3,689,1,3281365,24,68296,Salaried,Master,Home,0,1
CUST0964,1642436,1,824,0,3878295,120,65973,Salaried,Master,Vehicle,0,1
CUST0965,431924,12,809,1,4613782,24,28064,Salaried,Master,Home,1,1
CUST0966,2043236,7,784,1,1774833,84,88876,Government,Master,Home,1,1
CUST0967,1779792,1,881,4,637371,60,100491,Self-Employed,Bachelor,Home,0,1
CUST0968,460466,12,745,3,3290756,24,25916,Salaried,Bachelor,Home,0,1
CUST0969,630930,5,768,4,1963514,48,22754,Government,Master,Vehicle,1,1
CUST0970,1578616,3,744,2,712643,120,77080,Self-Employed,Bachelor,Vehicle,1,1
CUST0971,733343,7,731,1,3814040,24,45659,Business,Bachelor,Personal,0,1
CUST0972,1890524,15,711,2,3710880,120,84695,Self-Employed,Bachelor,Vehicle,1,1
CUST0973,1388948,6,648,4,257627,60,89420,Salaried,Bachelor,Education,1,0
CUST0974,271006,10,580,3,3696277,48,9196,Self-Employed,Bachelor,Vehicle,1,0
CUST0975,309350,11,669,4,1642210,120,8689,Self-Employed,Bachelor,Personal,1,0
CUST0976,868725,10,725,3,2968634,24,53985,Salaried,Master,Vehicle,1,1
CUST0977,968768,14,685,3,3934485,48,58436,Salaried,Bachelor,Vehicle,0,1
CUST0978,386487,4,594,0,2041226,36,25646,Salaried,Bachelor,Personal,0,0
CUST0979,2375004,2,666,1,1480360,36,126606,Salaried,Master,Home,0,1
CUST0980,858841,2,662,4,879119,84,54990,Salaried,Bachelor,Vehicle,0,1
CUST0981,1406408,7,675,3,1947871,36,83619,Self-Employed,Bachelor,Personal,0,1
CUST0982,225232,3,719,4,4235011,24,13555,Salaried,High School,Personal,0,0
CUST0983,1437669,8,736,4,2540959,60,70034,Self-Employed,Bachelor,Home,1,1
CUST0984,1206657,8,639,3,1104853,48,49390,Self-Employed,Bachelor,Business,1,0
CUST0985,1559904,13,758,2,3436243,120,99740,Salaried,PhD,Vehicle,1,1
CUST0986,1617188,9,770,1,1819819,12,69546,Salaried,Bachelor,Home,1,1
CUST0987,1836321,5,705,1,336885,36,87134,Salaried,Bachelor,Business,0,1
CUST0988,718645,10,733,0,4626168,36,31324,Salaried,Bachelor,Home,0,1
CUST0989,1751951,2,758,0,3495083,12,85029,Salaried,High School,Education,0,1
CUST0990,1340248,7,592,0,1585410,120,59780,Salaried,Master,Education,1,1
CUST0991,510817,9,764,1,399760,120,13791,Self-Employed,Bachelor,Business,0,1
CUST0992,1818497,8,616,2,1789549,12,112295,Self-Employed,Bachelor,Education,1,1
CUST0993,1044690,10,624,1,1286664,120,45461,Salaried,Master,Business,1,1
CUST0994,1297862,4,695,1,4463905,24,64295,Salaried,Bachelor,Home,0,1
CUST0995,2370421,13,508,1,2880434,120,73007,Self-Employed,Master,Home,0,1
CUST0996,2347354,17,694,1,346177,48,59015,Government,Bachelor,Home,1,1
CUST0997,1277353,0,758,2,3456433,120,44988,Government,Bachelor,Home,1,1
CUST0998,2425218,1,548,0,3650937,36,131829,Self-Employed,Master,Business,1,0
CUST0999,1033695,8,767,4,62938,60,30114,Salaried,Master,Vehicle,0,1
CUST1000,370706,6,624,0,1229418,24,23306,Salaried,High School,Home,1,0
CUST1001,804446,17,696,0,1044199,24,27318,Government,High School,Home,0,1
CUST1002,977232,9,635,4,1969398,120,32761,Salaried,High School,Vehicle,1,0
CUST1003,1004255,14,725,1,3664962,60,32701,Business,Bachelor,Education,1,1
CUST1004,460852,0,761,2,3295100,60,11789,Self-Employed,PhD,Personal,1,1
CUST1005,768158,12,731,2,3472578,84,43906,Self-Employed,Bachelor,Vehicle,1,1
CUST1006,1045139,4,679,0,1235622,60,64234,Salaried,Bachelor,Education,1,1
CUST1007,1758638,4,641,4,4242907,120,88969,Self-Employed,Master,Home,0,0
CUST1008,1370631,6,674,3,595501,120,45013,Self-Employed,Bachelor,Business,0,1
CUST1009,2111342,0,732,1,3936101,12,77880,Salaried,Bachelor,Home,0,1
CUST1010,2271635,10,735,0,3992571,36,101838,Salaried,PhD,Home,1,1
CUST1011,2161019,8,724,2,2062236,84,139957,Government,Master,Home,1,1
CUST1012,2391738,9,577,4,1561602,120,84443,Self-Employed,Master,Vehicle,0,0
CUST1013,1678492,12,678,4,2396118,12,93131,Salaried,Bachelor,Business,1,1
CUST1014,469768,15,629,0,4689596,84,20345,Salaried,Master,Home,0,1
CUST1015,2448185,6,733,3,3515495,36,91587,Government,High School,Vehicle,0,1
CUST1016,1741456,10,618,2,1128290,84,76617,Government,Bachelor,Education,0,1
CUST1017,1906199,9,716,0,739746,12,53310,Self-Employed,PhD,Business,1,1
CUST1018,455709,9,657,3,3567155,48,26558,Self-Employed,Bachelor,Home,1,1
CUST1019,354023,9,529,4,4561496,120,12439,Salaried,Master,Business,1,0
CUST1020,1057611,15,754,1,405439,36,58407,Self-Employed,Bachelor,Personal,1,1
CUST1021,623945,5,677,2,4256330,24,17375,Salaried,High School,Home,0,1
CUST1022,2295810,0,782,2,1731063,36,148758,Business,Master,Home,1,1
CUST1023,201253,4,546,3,3030858,36,6649,Self-Employed,High School,Home,0,0
CUST1024,2456787,11,656,0,338988,36,151782,Salaried,Bachelor,Home,1,1
CUST1025,2434614,8,662,4,4136679,48,142980,Salaried,High School,Education,1,1
CUST1026,2487249,5,701,3,2499711,120,162485,Government,PhD,Vehicle,1,1
CUST1027,1130162,2,573,1,4299012,12,50757,Salaried,Bachelor,Personal,1,0
CUST1028,1454634,9,723,1,2604293,120,80453,Salaried,Bachelor,Home,1,1
CUST1029,1038379,11,832,1,1674438,24,41998,Self-Employed,High School,Business,0,1
CUST1030,1408807,9,717,3,2559180,12,46042,Salaried,PhD,Business,1,1
CUST1031,302775,6,687,4,3906397,84,13159,Government,Master,Business,0,1
CUST1032,1149211,8,569,2,2057708,84,36666,Salaried,Master,Education,0,1
CUST1033,2090947,8,618,0,1353027,84,137832,Government,Bachelor,Home,1,1
CUST1034,499972,8,675,2,489844,12,14504,Salaried,Bachelor,Business,1,1
CUST1035,448854,2,637,4,337249,60,22240,Salaried,High School,Education,0,0
CUST1036,594600,8,762,2,4575605,48,30385,Government,Bachelor,Vehicle,1,1
CUST1037,2167118,5,722,3,1447955,60,102764,Self-Employed,Bachelor,Vehicle,1,1
CUST1038,2449070,13,895,1,820802,120,128799,Salaried,PhD,Home,1,1
CUST1039,399055,8,601,4,4508795,84,11908,Salaried,Master,Home,1,0
CUST1040,2213901,12,682,4,2897534,48,106545,Self-Employed,Bachelor,Personal,1,1
CUST1041,1628763,6,569,2,4029810,12,60210,Self-Employed,High School,Business,0,0
CUST1042,1051877,6,502,3,4392486,84,67503,Business,Master,Personal,1,0
CUST1043,1436715,15,737,2,3069579,12,81537,Business,High School,Home,1,1
CUST1044,260257,10,719,2,757161,48,17052,Self-Employed,High School,Business,1,1
CUST1045,1706534,4,611,4,4700291,12,45333,Salaried,Bachelor,Business,1,0
CUST1046,1004143,12,687,2,4369230,12,37033,Self-Employed,Bachelor,Personal,0,1
CUST1047,2487697,5,629,1,131147,24,82448,Self-Employed,Master,Home,0,1
CUST1048,708423,9,640,2,1642063,120,18039,Salaried,Bachelor,Home,0,0
CUST1049,1104133,17,654,1,4083743,60,38751,Salaried,High School,Education,1,1
CUST1050,551616,0,608,4,2267939,60,29391,Salaried,Bachelor,Personal,0,0
CUST1051,2140155,7,622,3,4856085,60,74110,Salaried,Master,Personal,0,0
CUST1052,955158,10,624,1,538633,36,44136,Salaried,Bachelor,Personal,1,1
CUST1053,1948967,11,713,3,2946355,24,120821,Self-Employed,Bachelor,Personal,1,1
CUST1054,2048388,1,458,3,3321335,84,110421,Government,PhD,Home,1,0
CUST1055,1096383,0,661,1,3082954,84,45437,Self-Employed,PhD,Home,1,1
CUST1056,459215,13,592,4,217071,84,18607,Salaried,PhD,Home,0,0
CUST1057,453349,4,595,0,1825823,60,19942,Salaried,Master,Education,0,0
CUST1058,2139669,4,637,3,4700188,120,69275,Self-Employed,High School,Vehicle,1,0
CUST1059,2020914,15,678,3,2715880,60,103908,Salaried,Bachelor,Personal,1,1
CUST1060,2140584,8,662,4,4800247,120,85993,Self-Employed,Bachelor,Home,1,1
CUST1061,2209450,8,594,4,4811631,24,133705,Business,Bachelor,Business,0,0
CUST1062,1571405,7,737,2,2464551,120,88820,Salaried,PhD,Personal,0,1
CUST1063,1601174,1,607,4,122219,12,80760,Salaried,Master,Business,1,0
CUST1064,1596207,11,621,3,2857501,60,64127,Self-Employed,Master,Home,1,0
CUST1065,758688,10,702,1,1896252,84,25603,Business,High School,Business,1,1
CUST1066,211852,8,705,0,3814610,12,12147,Government,PhD,Education,1,1
CUST1067,1741588,7,631,2,2842063,60,78836,Government,Master,Business,1,1
CUST1068,213691,6,445,1,4962894,48,7343,Salaried,High School,Education,1,0
CUST1069,574341,12,609,0,416042,36,19029,Business,Master,Home,1,1
CUST1070,1426713,7,692,0,2314381,60,45500,Salaried,Bachelor,Personal,1,1
CUST1071,712726,7,735,0,1387900,48,40897,Salaried,High School,Business,1,1
CUST1072,1629796,10,673,1,915048,24,56294,Government,Master,Business,1,1
CUST1073,976184,9,641,2,1326137,48,45825,Business,Master,Personal,1,1
CUST1074,1284002,16,863,2,2709245,24,56257,Salaried,High School,Home,0,1
CUST1075,419968,0,650,0,2553821,60,20641,Salaried,Bachelor,Home,1,1
CUST1076,468963,9,728,1,4922367,24,28863,Salaried,PhD,Vehicle,1,1
CUST1077,1490077,4,573,0,1288669,48,91127,Salaried,Master,Home,0,1
CUST1078,699165,3,592,4,2241951,120,30619,Salaried,Master,Vehicle,1,0
CUST1079,399780,5,731,2,4866977,36,10250,Business,Bachelor,Home,0,0
CUST1080,1207557,8,763,3,974914,12,51645,Self-Employed,High School,Home,1,1
CUST1081,1884581,8,648,0,655750,12,94715,Government,Bachelor,Business,1,1
CUST1082,1390578,0,532,4,229340,36,67081,Government,Bachelor,Home,0,0
CUST1083,2176170,5,666,2,4286343,84,113463,Self-Employed,Bachelor,Vehicle,1,1
CUST1084,1673934,9,695,1,2904414,12,52594,Government,High School,Business,1,1
CUST1085,1471627,3,687,2,1146376,60,76434,Self-Employed,Bachelor,Personal,1,1
CUST1086,1386123,2,634,1,2450057,84,45202,Salaried,Bachelor,Vehicle,1,0
CUST1087,1796596,0,667,1,4863218,60,101097,Self-Employed,Master,Home,1,1
CUST1088,1965559,4,620,0,2846175,48,76909,Self-Employed,High School,Vehicle,1,1
CUST1089,488449,2,591,0,3105068,48,26659,Government,Bachelor,Business,1,1
CUST1090,713634,3,740,2,291324,84,19264,Business,High School,Vehicle,0,1
CUST1091,1241339,6,687,4,4753966,84,52128,Salaried,Bachelor,Vehicle,1,1
CUST1092,370237,5,667,2,4672887,84,20132,Government,High School,Business,0,1
CUST1093,1036047,2,639,3,3709248,84,35694,Salaried,PhD,Business,1,0
CUST1094,609332,0,665,1,3517766,24,35424,Government,Master,Business,1,1
CUST1095,1319929,9,692,1,283229,120,67689,Salaried,Bachelor,Home,0,1
CUST1096,401373,11,818,0,887876,84,19860,Salaried,High School,Home,1,1
CUST1097,1586368,6,732,4,3098925,120,63028,Salaried,Bachelor,Business,0,1
CUST1098,1025474,6,626,0,1138894,84,46251,Self-Employed,Master,Home,1,1
CUST1099,1770963,8,627,3,2839530,48,88352,Salaried,High School,Home,1,0
CUST1100,551233,15,615,2,174078,60,24632,Business,Bachelor,Home,1,0
CUST1101,1404744,0,663,2,89759,120,75991,Salaried,Master,Business,1,1
CUST1102,1955922,5,615,4,4623483,48,84242,Business,Master,Education,1,0
CUST1103,848590,0,717,0,3000161,12,28366,Government,Master,Vehicle,1,1
CUST1104,2311018,9,468,0,4611679,24,78375,Salaried,Master,Education,1,1
CUST1105,615071,7,722,3,1082203,24,15525,Salaried,PhD,Business,0,1
CUST1106,2464139,9,702,2,941111,60,92503,Government,Bachelor,Education,1,1
CUST1107,474746,8,781,0,2432778,84,26683,Self-Employed,Bachelor,Vehicle,1,1
CUST1108,1696450,12,750,4,4724837,48,98546,Self-Employed,Master,Education,1,1
CUST1109,1417715,10,625,2,3067721,12,47402,Salaried,Master,Personal,0,0
CUST1110,338588,12,741,3,4959358,48,21994,Self-Employed,PhD,Personal,0,0
CUST1111,1882159,2,666,4,4635941,84,86454,Business,High School,Vehicle,1,1
CUST1112,2183426,13,525,1,4493131,84,138008,Salaried,Bachelor,Personal,0,0
CUST1113,1490875,4,692,3,295256,36,81175,Salaried,Bachelor,Education,1,1
CUST1114,303950,4,630,4,2168670,48,16748,Salaried,Bachelor,Business,1,0
CUST1115,509638,9,680,0,460275,60,14546,Government,Bachelor,Vehicle,1,1
CUST1116,780517,9,812,1,1879210,48,26667,Government,Master,Vehicle,0,1
CUST1117,1333224,2,697,3,644091,24,33820,Salaried,High School,Personal,1,1
CUST1118,218547,7,598,0,121524,12,11984,Salaried,Master,Vehicle,1,0
CUST1119,2463520,15,757,1,1617431,120,96943,Salaried,Master,Personal,1,1
CUST1120,725735,0,709,2,926004,60,41930,Salaried,Bachelor,Education,1,1
CUST1121,1920534,15,589,0,2024760,36,75135,Salaried,Bachelor,Vehicle,0,1
CUST1122,1484766,6,551,4,4835613,12,87807,Business,Bachelor,Vehicle,1,0
CUST1123,2483554,0,601,3,2882761,12,75613,Self-Employed,Master,Vehicle,1,0
CUST1124,934105,1,746,1,2142195,120,30100,Salaried,Master,Education,0,1
CUST1125,292782,3,655,0,1810828,24,11477,Government,Master,Vehicle,0,1
CUST1126,807220,4,686,2,1220407,24,33919,Self-Employed,PhD,Personal,0,1
CUST1127,2155608,7,572,3,818976,24,85209,Self-Employed,Bachelor,Home,0,0
CUST1128,1191316,0,749,3,4681004,60,67688,Salaried,PhD,Business,0,1
CUST1129,623316,8,518,0,1293517,48,18100,Salaried,Master,Education,1,1
CUST1130,2154259,2,627,2,1274858,12,85381,Business,Master,Personal,1,0
CUST1131,1414915,14,713,1,1942608,48,84732,Self-Employed,High School,Business,1,1
CUST1132,655595,6,590,0,4584945,48,18214,Salaried,PhD,Home,1,1
CUST1133,1645744,12,729,1,682899,24,105762,Self-Employed,Bachelor,Education,1,1
CUST1134,2068806,13,610,3,3333287,48,136740,Business,Master,Vehicle,1,0
CUST1135,1732226,13,581,1,4042852,12,49698,Salaried,High School,Home,1,1
CUST1136,2328091,5,782,2,2733552,12,86456,Self-Employed,Bachelor,Business,1,1
CUST1137,1940462,5,692,4,998614,84,78621,Business,Bachelor,Personal,1,1
CUST1138,2418673,6,721,2,3434768,36,138710,Salaried,Bachelor,Personal,1,1
CUST1139,1803154,11,761,1,2904891,60,89851,Government,High School,Home,0,1
CUST1140,1053093,5,470,0,3187358,48,54601,Self-Employed,Master,Personal,1,1
CUST1141,989178,7,730,3,4592709,60,55950,Self-Employed,High School,Vehicle,1,1
CUST1142,763098,9,619,4,4435500,60,22828,Salaried,Bachelor,Home,1,0
CUST1143,656513,3,629,0,3941386,60,39205,Salaried,High School,Home,0,0
CUST1144,1886533,3,714,0,1812204,120,102628,Self-Employed,Bachelor,Home,1,1
CUST1145,901037,7,650,2,4834912,84,44201,Salaried,Bachelor,Vehicle,0,1
CUST1146,1493379,7,727,1,2109636,60,92697,Salaried,Bachelor,Home,0,1
CUST1147,2403650,10,676,2,3430795,84,130228,Salaried,Bachelor,Home,0,1
CUST1148,1201469,11,693,1,3592140,12,40134,Salaried,Master,Vehicle,1,1
CUST1149,1764973,2,640,2,4581536,120,75728,Business,High School,Business,1,0
CUST1150,1992336,3,594,0,3986906,48,90820,Salaried,High School,Vehicle,0,1
CUST1151,319544,3,620,3,2328569,84,8723,Business,Bachelor,Vehicle,1,0
CUST1152,643001,15,671,1,4162452,36,41651,Salaried,PhD,Home,0,1
CUST1153,1997189,7,826,4,393275,60,60629,Self-Employed,Bachelor,Personal,0,1
CUST1154,2331061,8,797,4,1120639,120,126019,Salaried,Bachelor,Home,1,1
CUST1155,1150834,8,627,0,3660680,36,53045,Government,Bachelor,Business,0,1
CUST1156,695693,4,684,2,4216932,12,18135,Government,Bachelor,Business,1,1
CUST1157,419017,15,656,2,1275619,12,26620,Salaried,High School,Home,0,1
CUST1158,594994,10,690,0,4378974,24,35993,Business,High School,Personal,0,1
CUST1159,1121768,8,700,4,2157716,60,52548,Salaried,Bachelor,Business,1,1
CUST1160,2020083,2,722,4,2913564,24,69772,Self-Employed,Bachelor,Home,1,1
CUST1161,1697740,2,447,2,4996098,120,51047,Business,High School,Personal,0,0
CUST1162,1256941,6,709,1,3712667,36,50455,Government,Master,Business,1,1
CUST1163,645982,4,648,3,2459021,48,23024,Business,PhD,Vehicle,1,0
CUST1164,453146,2,623,1,3806150,24,20895,Salaried,Bachelor,Business,1,0
CUST1165,1504667,6,743,4,2253092,12,98205,Salaried,Bachelor,Vehicle,0,1
CUST1166,1438870,6,797,1,2733525,60,70441,Salaried,PhD,Home,1,1
CUST1167,2109848,8,735,3,1640726,36,130980,Self-Employed,Master,Home,1,1
CUST1168,1344795,5,638,1,1370985,84,70090,Government,Bachelor,Business,0,1
CUST1169,1569330,2,593,1,4430655,120,70309,Salaried,Master,Home,1,1
CUST1170,1364141,3,439,1,1685335,120,82678,Self-Employed,High School,Vehicle,1,0
CUST1171,738516,14,694,1,3286808,12,32967,Salaried,Bachelor,Education,1,1
CUST1172,1146920,1,726,0,2620202,84,70183,Salaried,Bachelor,Home,1,1
CUST1173,257175,9,671,4,506195,120,9553,Self-Employed,High School,Home,1,0
CUST1174,2258808,10,754,3,4562276,48,68593,Self-Employed,Bachelor,Vehicle,1,1
CUST1175,1537453,7,574,4,1589998,60,93228,Government,High School,Vehicle,1,1
CUST1176,275028,16,666,0,3574756,48,13607,Salaried,Master,Education,1,1
CUST1177,1738242,10,659,0,1730871,120,107850,Government,Bachelor,Business,1,1
CUST1178,671450,17,671,0,1999428,48,43023,Salaried,Bachelor,Home,0,1
CUST1179,305149,4,773,0,1797888,120,8310,Salaried,High School,Business,0,1
CUST1180,933704,4,671,1,1578362,60,42832,Self-Employed,High School,Home,1,1
CUST1181,1431011,10,656,4,1078520,60,58132,Government,Bachelor,Business,0,1
CUST1182,343834,6,605,2,3466356,84,17562,Salaried,PhD,Business,1,0
CUST1183,1409787,16,786,3,1423368,48,81861,Salaried,High School,Personal,1,1
CUST1184,1505569,9,565,0,3751339,36,55241,Self-Employed,Bachelor,Education,1,1
CUST1185,1596828,2,635,4,931037,84,76967,Salaried,Master,Vehicle,1,0
CUST1186,2104717,0,815,0,3676307,60,114770,Government,High School,Business,1,1
CUST1187,1037342,7,717,0,3451268,12,31744,Government,Master,Personal,0,1
CUST1188,465711,7,678,0,304547,120,27439,Salaried,Bachelor,Education,1,1
CUST1189,1263868,9,681,0,2418403,84,63515,Self-Employed,Bachelor,Education,0,1
CUST1190,1303389,14,604,0,1613332,24,84152,Government,Bachelor,Personal,1,1
CUST1191,755919,13,674,3,2727221,36,29591,Salaried,Bachelor,Home,0,1
CUST1192,2287037,5,652,4,4140602,120,67481,Self-Employed,Bachelor,Home,0,1
CUST1193,2205739,1,694,0,4700215,84,101693,Salaried,Master,Home,1,1
CUST1194,1032746,1,559,0,1386371,60,29511,Self-Employed,Master,Vehicle,0,0
CUST1195,1555807,4,711,0,2641661,60,101745,Salaried,Master,Home,1,1
CUST1196,602381,6,761,0,73446,36,16030,Government,Master,Personal,1,1
CUST1197,1156433,9,663,1,1267756,24,65218,Salaried,Bachelor,Business,0,1
CUST1198,640244,3,731,1,2675263,84,30014,Salaried,Bachelor,Home,0,1
CUST1199,885860,9,704,2,2291678,84,35752,Government,Bachelor,Education,1,1
CUST1200,1700943,9,631,0,2806444,48,47189,Salaried,Master,Home,1,1
CUST1201,1549363,8,595,2,255162,12,78899,Salaried,Bachelor,Business,1,1
CUST1202,2322052,2,606,3,4710500,60,114672,Salaried,Bachelor,Vehicle,0,0
CUST1203,1664738,10,703,2,4516958,84,61101,Salaried,Master,Business,1,1
CUST1204,581067,18,675,4,2813049,84,36564,Business,Bachelor,Home,1,1
CUST1205,1301268,9,782,1,2253087,120,49020,Government,High School,Vehicle,1,1
CUST1206,640796,0,743,1,3002718,120,28027,Salaried,Bachelor,Vehicle,0,1
CUST1207,2100444,14,743,0,4745747,84,100100,Government,Bachelor,Vehicle,1,1
CUST1208,1980072,4,701,0,2401130,24,57771,Self-Employed,Master,Vehicle,0,1
CUST1209,1274979,19,603,3,4913446,12,81394,Business,PhD,Home,0,0
CUST1210,1844034,8,706,3,426924,84,74878,Salaried,Bachelor,Personal,1,1
CUST1211,975600,0,685,4,437688,36,27673,Self-Employed,Bachelor,Education,1,0
CUST1212,1184001,0,588,0,2663556,60,48706,Self-Employed,Master,Home,1,0
CUST1213,492023,15,776,0,4064398,48,24605,Self-Employed,High School,Vehicle,1,1
CUST1214,2255712,13,768,3,2485016,120,104669,Self-Employed,Bachelor,Personal,1,1
CUST1215,671862,19,588,3,1120648,36,36239,Salaried,PhD,Vehicle,1,0
CUST1216,935111,8,628,3,4325319,60,25539,Government,Master,Home,1,1
CUST1217,2414805,7,636,1,4469379,120,88999,Self-Employed,High School,Home,1,1
CUST1218,290155,6,728,2,3940026,24,17158,Business,Bachelor,Business,0,0
CUST1219,2079054,4,719,2,4421078,120,58897,Salaried,Master,Personal,0,1
CUST1220,1730184,6,683,0,4608708,12,104927,Self-Employed,Master,Home,1,1
CUST1221,268668,9,701,1,4643577,12,7745,Business,Master,Vehicle,1,1
CUST1222,2104914,3,576,3,601556,60,125808,Self-Employed,Bachelor,Home,0,0
CUST1223,2264508,0,710,0,3895066,36,90654,Government,PhD,Vehicle,1,1
CUST1224,733091,8,671,1,3963982,48,37027,Government,Bachelor,Personal,1,1
CUST1225,1736396,3,625,4,4238136,24,54471,Salaried,Master,Education,1,0
CUST1226,450914,0,557,1,2593951,60,12516,Self-Employed,Bachelor,Education,0,0
CUST1227,1621985,10,682,0,2750840,24,55143,Salaried,High School,Vehicle,0,1
CUST1228,542455,2,708,2,4540741,12,16451,Self-Employed,PhD,Business,1,1
CUST1229,459713,11,543,3,3831597,84,17476,Salaried,High School,Vehicle,1,0
CUST1230,1214586,11,681,4,4351313,84,56396,Government,Bachelor,Business,0,1
CUST1231,2026198,9,689,1,1911317,48,100360,Self-Employed,Master,Home,0,1
CUST1232,2077832,20,635,0,2956868,24,120329,Salaried,Bachelor,Vehicle,1,1
CUST1233,1926688,7,710,0,4108961,60,100849,Salaried,Master,Home,0,1
CUST1234,1916263,6,669,3,4881851,48,96512,Business,Bachelor,Personal,1,1
CUST1235,1532790,11,702,0,3296532,120,64618,Salaried,Bachelor,Home,1,1
CUST1236,2264504,7,722,0,4313304,120,101318,Salaried,PhD,Vehicle,0,1
CUST1237,2434736,13,722,3,4328483,36,102920,Salaried,High School,Home,0,1
CUST1238,839738,1,761,4,4175339,84,50460,Business,Master,Education,1,1
CUST1239,1793447,1,707,2,1950057,60,62023,Business,Bachelor,Education,0,0
CUST1240,2100379,11,641,2,1914273,24,53010,Self-Employed,Master,Vehicle,1,1
CUST1241,1339608,2,628,1,3670434,48,69844,Government,High School,Business,1,1
CUST1242,1435516,11,594,4,834514,60,47997,Salaried,Bachelor,Personal,1,0
CUST1243,1533324,9,692,1,1122456,48,95201,Business,Master,Education,0,1
CUST1244,2110082,4,785,2,1969587,48,128279,Salaried,Bachelor,Vehicle,0,1
CUST1245,253869,9,651,3,3589199,48,7158,Salaried,Master,Vehicle,1,1
CUST1246,2020418,1,715,0,4639022,24,59466,Salaried,Master,Home,1,1
CUST1247,1049807,3,619,2,2872704,60,47904,Self-Employed,Master,Education,0,0
CUST1248,1939980,6,695,4,2319590,12,97744,Government,PhD,Business,1,1
CUST1249,382416,8,780,2,2567793,12,13940,Salaried,Bachelor,Education,1,1
CUST1250,1549277,6,734,4,4689848,24,85003,Business,High School,Education,1,1
CUST1251,1508263,10,554,4,2916792,120,75093,Salaried,High School,Vehicle,0,0
CUST1252,929971,9,725,4,3529566,24,35835,Salaried,Bachelor,Home,1,1
CUST1253,445972,15,729,1,3594750,84,11620,Self-Employed,High School,Vehicle,1,1
CUST1254,1522057,7,693,3,4723794,48,85625,Self-Employed,Bachelor,Personal,1,1
CUST1255,2413706,13,733,2,2203883,60,81940,Government,High School,Business,1,1
CUST1256,2080341,12,613,3,2098613,60,124341,Self-Employed,High School,Business,0,0
CUST1257,665757,19,685,0,2396243,36,28302,Self-Employed,High School,Home,0,1
CUST1258,2234376,7,768,2,4315630,36,109584,Salaried,Master,Personal,0,1
CUST1259,2459176,5,761,3,387850,12,150926,Self-Employed,Bachelor,Home,1,1
CUST1260,1365111,14,723,3,3729020,36,83250,Business,Bachelor,Business,1,1
CUST1261,947524,9,609,0,1543156,36,38355,Salaried,Master,Personal,0,1
CUST1262,1823312,14,596,4,538968,12,61452,Government,High School,Business,0,0
CUST1263,1680948,11,689,2,4298949,84,96314,Self-Employed,PhD,Vehicle,0,1
CUST1264,2312786,0,694,2,1630096,120,99553,Salaried,Bachelor,Education,0,1
CUST1265,1035080,9,671,0,4715730,12,34159,Business,High School,Home,1,1
CUST1266,1774918,9,615,4,1743465,120,111259,Self-Employed,Master,Vehicle,0,0
CUST1267,1822892,8,714,2,4325892,36,60619,Salaried,Master,Home,0,1
CUST1268,653866,7,688,2,3725929,60,17049,Salaried,Bachelor,Vehicle,1,1
CUST1269,1905322,0,703,2,4357997,36,49243,Salaried,Master,Home,1,1
CUST1270,1543501,12,727,4,1716313,48,78610,Government,High School,Personal,1,1
CUST1271,888140,9,658,0,2157719,120,46689,Self-Employed,Bachelor,Home,0,1
CUST1272,372512,13,640,2,1661243,120,14140,Business,High School,Business,0,0
CUST1273,1141703,0,768,3,2278553,48,43765,Salaried,Bachelor,Business,1,1
CUST1274,1761074,10,619,4,2352611,48,68938,Salaried,Bachelor,Business,0,0
CUST1275,1995111,6,642,1,2208184,84,106419,Salaried,PhD,Education,0,1
CUST1276,1831143,8,778,0,749438,24,50214,Self-Employed,High School,Business,1,1
CUST1277,371420,6,636,3,3741316,48,23664,Business,Bachelor,Education,1,0
CUST1278,890644,10,672,2,4242896,120,30523,Self-Employed,Bachelor,Education,0,1
CUST1279,1729420,7,647,1,2727049,60,115271,Salaried,Master,Education,0,1
CUST1280,2255915,2,537,0,2338786,120,72520,Government,PhD,Business,1,1
CUST1281,827341,8,670,4,2761485,120,47280,Government,Master,Home,0,1
CUST1282,1700982,6,599,1,2895157,84,58358,Salaried,PhD,Personal,1,1
CUST1283,2267342,7,700,1,269162,24,64321,Government,Master,Business,1,1
CUST1284,2411984,0,768,3,4103492,24,148229,Salaried,PhD,Home,1,1
CUST1285,1381838,11,502,0,2891852,48,83989,Salaried,Master,Business,1,1
CUST1286,2344563,6,647,3,3363723,36,98038,Salaried,High School,Personal,0,0
CUST1287,465521,1,716,3,1390522,120,25262,Self-Employed,Bachelor,Home,0,0
CUST1288,1167073,12,505,2,1451051,12,56265,Salaried,Bachelor,Vehicle,1,1
CUST1289,1266787,11,786,4,2603272,36,76691,Salaried,Bachelor,Business,1,1
CUST1290,393981,6,710,1,3320514,36,15021,Salaried,Bachelor,Home,1,1
CUST1291,960926,2,766,0,3788163,24,44990,Government,Bachelor,Vehicle,1,1
CUST1292,2275588,8,634,4,596363,24,102910,Business,PhD,Education,1,0
CUST1293,190651,8,644,4,4230513,84,7577,Government,High School,Home,1,0
CUST1294,1045363,12,667,0,4064175,84,64962,Salaried,Master,Vehicle,1,1
CUST1295,617625,5,851,4,4374155,24,19709,Salaried,Master,Business,1,1
CUST1296,1378734,13,785,2,1158198,60,43057,Salaried,PhD,Personal,1,1
CUST1297,1552070,5,690,4,3512087,60,76110,Salaried,PhD,Business,0,1
CUST1298,1656402,1,700,2,1958981,12,86788,Self-Employed,Master,Vehicle,1,1
CUST1299,435948,2,730,1,1731518,24,14433,Self-Employed,Bachelor,Vehicle,1,1
CUST1300,1750057,7,871,1,3444837,48,72242,Government,Bachelor,Home,0,1
CUST1301,1041069,7,710,3,336172,84,67086,Self-Employed,Bachelor,Vehicle,1,1
CUST1302,1699825,9,683,2,4544463,24,59962,Salaried,Master,Business,1,1
CUST1303,1036626,7,652,1,611133,60,54783,Salaried,Master,Home,1,1
CUST1304,1043349,12,698,4,1699258,24,58260,Self-Employed,Master,Business,0,1
CUST1305,2341352,6,633,0,4419535,60,102251,Salaried,High School,Home,1,1
CUST1306,1334424,0,719,0,4209962,24,85487,Salaried,Bachelor,Vehicle,0,1
CUST1307,286022,7,565,2,4531678,120,15929,Salaried,Bachelor,Business,1,0
CUST1308,1641331,0,659,3,1715418,48,72350,Salaried,High School,Personal,0,0
CUST1309,960741,9,738,4,3244990,12,46809,Salaried,Bachelor,Home,1,1
CUST1310,2075066,13,709,2,3154857,120,111760,Government,High School,Business,1,1
CUST1311,650529,3,642,0,4286026,48,32314,Government,Master,Home,0,1
CUST1312,341445,15,661,2,745519,60,21037,Salaried,Bachelor,Business,1,1
CUST1313,404605,12,762,4,290740,84,16131,Salaried,Bachelor,Vehicle,1,1
CUST1314,2480199,14,583,1,3296536,84,92995,Government,PhD,Vehicle,0,1
CUST1315,864029,8,583,4,4499720,36,29299,Salaried,Bachelor,Vehicle,0,0
CUST1316,1323051,3,605,1,1360704,48,35159,Salaried,High School,Personal,0,0
CUST1317,690370,11,679,1,2917492,24,18496,Salaried,Bachelor,Home,0,1
CUST1318,1932374,4,571,1,3037008,12,118362,Salaried,High School,Education,1,0
CUST1319,400972,8,756,2,3683803,24,21358,Government,High School,Vehicle,1,1
CUST1320,1921373,7,606,0,3427300,24,100914,Government,High School,Business,0,1
CUST1321,388944,13,697,2,1719163,48,19684,Salaried,Bachelor,Home,1,1
CUST1322,1172382,11,633,0,2837186,12,70793,Salaried,High School,Business,1,1
CUST1323,1871870,7,674,4,3358769,36,84254,Salaried,Bachelor,Education,0,1
CUST1324,1541303,0,551,3,1637361,120,94431,Salaried,Master,Education,0,0
CUST1325,187461,4,760,4,2003923,24,7494,Business,Bachelor,Vehicle,0,0
CUST1326,652501,11,603,2,307471,12,41507,Self-Employed,PhD,Education,1,1
CUST1327,1377162,9,594,2,2239171,36,74519,Self-Employed,Bachelor,Home,1,1
CUST1328,1226161,0,870,0,1813190,120,43793,Government,Bachelor,Home,1,1
CUST1329,674178,0,724,2,1207593,24,32700,Government,Master,Personal,0,1
CUST1330,2182348,8,756,1,905817,12,103027,Government,High School,Personal,1,1
CUST1331,1959685,2,716,2,3300881,120,60252,Salaried,High School,Vehicle,1,1
CUST1332,2077501,3,643,0,608114,48,103117,Salaried,Master,Education,1,1
CUST1333,740315,11,575,0,4878626,84,28217,Self-Employed,Bachelor,Personal,1,0
CUST1334,2451073,14,656,1,1707106,84,66623,Salaried,Master,Vehicle,1,1
CUST1335,2115135,4,601,0,2008074,24,136484,Business,PhD,Vehicle,1,1
CUST1336,853218,7,606,3,1672964,24,44135,Self-Employed,Bachelor,Vehicle,1,0
CUST1337,783291,7,553,4,408349,120,48202,Business,Bachelor,Education,0,0
CUST1338,887755,7,689,2,1111385,12,47201,Salaried,Bachelor,Business,1,1
CUST1339,1559390,8,805,3,1209702,84,62179,Government,PhD,Home,1,1
CUST1340,1214262,11,724,2,402465,24,56295,Salaried,Master,Home,1,1
CUST1341,2359431,4,671,3,838525,36,125418,Business,PhD,Vehicle,1,1
CUST1342,195434,0,676,2,4813090,24,12705,Salaried,Bachelor,Personal,1,0
CUST1343,899407,16,436,1,1663849,84,31991,Self-Employed,Master,Vehicle,0,0
CUST1344,517913,13,646,0,3146750,60,31829,Government,Bachelor,Business,0,1
CUST1345,2276952,2,565,0,4262022,84,144593,Salaried,Bachelor,Home,1,1
CUST1346,508821,8,690,1,4594066,36,26933,Self-Employed,PhD,Home,0,1
CUST1347,2360707,13,659,3,1962886,12,150619,Business,High School,Education,0,1
CUST1348,1881243,11,610,4,4815257,36,78218,Salaried,PhD,Business,1,1
CUST1349,1992375,10,688,3,868706,60,128924,Self-Employed,High School,Business,1,1
CUST1350,2453958,7,688,0,4124651,60,133207,Salaried,Master,Home,0,1
CUST1351,1179430,16,801,4,2293227,24,31550,Government,Bachelor,Personal,0,1
CUST1352,248803,9,734,2,1784802,24,15621,Self-Employed,Bachelor,Education,1,1
CUST1353,2106711,5,697,4,499110,84,95194,Salaried,Bachelor,Vehicle,0,1
CUST1354,987744,12,604,3,3711068,48,43638,Salaried,Bachelor,Business,1,0
CUST1355,928736,8,594,1,3856762,36,45139,Self-Employed,Bachelor,Home,0,0
CUST1356,1706318,9,727,2,1824474,84,53278,Salaried,Master,Vehicle,1,1
CUST1357,879539,9,663,3,3550975,48,39182,Salaried,High School,Vehicle,1,1
CUST1358,425404,10,699,2,3262174,84,25366,Self-Employed,High School,Business,1,1
CUST1359,1531099,3,758,4,603360,60,39265,Salaried,High School,Business,0,1
CUST1360,197297,0,558,0,4278021,24,7175,Salaried,Bachelor,Home,1,0
CUST1361,968443,15,791,3,4462721,24,24310,Self-Employed,Master,Vehicle,1,1
CUST1362,748302,9,757,1,2526498,84,31669,Salaried,Master,Personal,0,1
CUST1363,1996030,11,515,4,434533,24,110473,Salaried,Bachelor,Home,1,0
CUST1364,2109341,0,868,3,4353829,12,122936,Salaried,Bachelor,Home,1,1
CUST1365,1407146,13,705,1,3652294,84,90596,Self-Employed,Master,Personal,1,1
CUST1366,1738309,5,641,3,1311668,60,87531,Self-Employed,Bachelor,Home,0,0
CUST1367,2154847,3,721,4,3200374,120,76732,Government,Bachelor,Vehicle,0,1
CUST1368,1513572,7,601,3,2449009,84,96121,Salaried,Bachelor,Business,1,0
CUST1369,1622721,3,723,2,1428656,84,92989,Salaried,High School,Business,1,1
CUST1370,691603,7,616,4,1273979,24,33843,Salaried,High School,Education,1,0
CUST1371,795863,7,841,3,4528633,60,42964,Salaried,High School,Home,1,1
CUST1372,687365,13,684,0,396407,84,43656,Business,Bachelor,Home,0,1
CUST1373,1758608,15,731,3,626395,24,96166,Salaried,High School,Vehicle,1,1
CUST1374,1664209,15,617,2,819153,36,67149,Salaried,High School,Vehicle,0,0
CUST1375,1202788,0,745,1,1558346,60,65803,Salaried,Bachelor,Vehicle,1,1
CUST1376,1008791,3,678,1,853995,48,26912,Self-Employed,High School,Business,1,1
CUST1377,825194,0,567,1,327845,12,33916,Self-Employed,High School,Home,1,0
CUST1378,381260,2,660,0,1298720,48,15986,Self-Employed,PhD,Home,1,1
CUST1379,1973795,4,834,2,2886934,120,63065,Government,High School,Vehicle,0,1
CUST1380,1431775,10,748,4,2066211,60,37171,Self-Employed,Master,Business,1,1
CUST1381,556794,5,649,1,4929074,84,17014,Salaried,Bachelor,Education,0,0
CUST1382,1701466,5,530,2,2246432,24,88945,Salaried,Master,Home,0,1
CUST1383,2392750,8,613,3,764075,120,139805,Self-Employed,Bachelor,Home,0,0
CUST1384,962877,0,567,0,1084472,60,63718,Self-Employed,Bachelor,Education,1,0
CUST1385,888521,3,532,2,1137241,12,35035,Self-Employed,Master,Vehicle,0,0
CUST1386,2410393,5,742,2,2425253,60,120457,Self-Employed,Bachelor,Personal,1,1
CUST1387,1381700,6,684,4,3112783,120,88494,Self-Employed,Master,Personal,1,1
CUST1388,2285188,8,823,2,4028168,24,73034,Government,Bachelor,Personal,1,1
CUST1389,1784642,15,600,4,3979301,48,97980,Self-Employed,PhD,Personal,0,0
CUST1390,1914339,12,679,0,738235,36,108078,Government,Master,Business,0,1
CUST1391,2479899,4,568,0,2260980,48,71191,Salaried,PhD,Home,1,1
CUST1392,2152424,6,632,3,1189391,24,131051,Self-Employed,Bachelor,Vehicle,1,0
CUST1393,1516092,6,662,4,1039269,120,89266,Business,Bachelor,Home,0,1
CUST1394,1552236,5,650,4,4020471,24,40966,Salaried,Master,Home,1,1
CUST1395,2035546,9,684,1,4276660,12,58613,Government,Master,Home,1,1
CUST1396,1030350,0,757,1,1010875,60,27867,Government,PhD,Business,1,1
CUST1397,1112477,12,749,3,1919883,60,43328,Salaried,Bachelor,Education,1,1
CUST1398,347647,16,618,0,1863985,48,16068,Self-Employed,Master,Home,1,0
CUST1399,615477,6,677,1,321609,120,29038,Salaried,Bachelor,Business,1,1
CUST1400,1863523,6,743,2,3917183,36,67371,Business,Bachelor,Personal,0,1
CUST1401,1637640,8,762,0,3531716,36,103143,Government,High School,Business,1,1
CUST1402,182352,13,627,2,2343474,12,7356,Salaried,Bachelor,Personal,1,0
CUST1403,313004,6,736,4,1971897,24,8419,Salaried,PhD,Home,0,1
CUST1404,1761420,12,706,0,3735266,12,66069,Self-Employed,High School,Home,1,1
CUST1405,966261,10,594,3,227696,60,45539,Salaried,Bachelor,Business,0,0
CUST1406,230098,19,744,4,1639291,84,9666,Salaried,Bachelor,Business,0,0
CUST1407,306060,6,692,4,476492,84,11143,Self-Employed,High School,Vehicle,0,0
CUST1408,1416530,0,540,2,3005227,84,43164,Salaried,Bachelor,Vehicle,1,0
CUST1409,1954329,0,656,4,2357236,24,115563,Salaried,Bachelor,Vehicle,1,1
CUST1410,310544,8,683,1,1233087,12,20653,Government,High School,Personal,1,1
CUST1411,573574,13,631,0,3274400,120,22215,Business,Master,Education,1,1
CUST1412,1051808,4,778,1,4717223,48,43019,Government,PhD,Home,0,1
CUST1413,1852795,6,781,2,513723,60,94032,Government,Bachelor,Business,1,1
CUST1414,2434103,11,649,2,2166811,84,133717,Salaried,High School,Home,1,1
CUST1415,742060,3,640,0,736763,120,30672,Salaried,Bachelor,Home,1,1
CUST1416,1287054,4,669,4,1525378,36,80705,Salaried,Master,Home,1,1
CUST1417,1686145,2,663,3,3699175,12,81497,Government,Bachelor,Education,0,1
CUST1418,1372931,13,632,2,2195943,60,60088,Business,High School,Home,1,1
CUST1419,1947858,15,383,0,4640585,60,101180,Government,Bachelor,Home,1,1
CUST1420,874780,0,820,3,3919883,36,56598,Government,PhD,Vehicle,0,1
CUST1421,1051522,7,680,4,3704538,36,61100,Self-Employed,Bachelor,Business,1,1
CUST1422,2035227,15,665,2,1373020,36,54273,Salaried,Bachelor,Vehicle,1,1
CUST1423,1722247,9,706,0,2704810,84,66902,Salaried,PhD,Vehicle,0,1
CUST1424,357912,5,673,0,4969495,84,15965,Salaried,Master,Home,1,1
CUST1425,2452919,0,645,0,551503,12,93468,Salaried,Master,Home,1,1
CUST1426,2361906,13,599,2,2117911,36,127955,Self-Employed,Bachelor,Home,1,1
CUST1427,782276,9,532,3,4527375,48,46489,Salaried,PhD,Vehicle,0,0
CUST1428,1680134,0,571,0,3754595,60,93201,Self-Employed,Master,Vehicle,0,0
CUST1429,2427175,13,590,4,4747927,36,160732,Self-Employed,Master,Home,0,0
CUST1430,1885243,0,732,0,1894040,60,68540,Salaried,Master,Education,1,1
CUST1431,260388,6,737,3,914845,24,16002,Self-Employed,Master,Personal,1,0
CUST1432,419779,6,609,2,2056811,120,23903,Self-Employed,Bachelor,Business,1,0
CUST1433,1084850,16,466,0,3184593,24,43492,Salaried,Bachelor,Vehicle,0,1
CUST1434,2483998,6,680,0,1484636,36,138081,Government,Master,Home,0,1
CUST1435,874335,6,646,4,3958308,60,25649,Self-Employed,Bachelor,Home,1,0
CUST1436,1215354,1,644,4,1957310,120,70355,Self-Employed,Bachelor,Vehicle,1,0
CUST1437,1360788,4,756,0,755314,24,64202,Government,Bachelor,Vehicle,1,1
CUST1438,2274945,3,691,0,3444070,36,84579,Government,Master,Vehicle,1,1
CUST1439,2170922,4,601,4,3939453,60,113591,Government,High School,Business,1,0
CUST1440,968140,8,583,3,922189,36,50085,Salaried,Master,Business,1,1
CUST1441,2149710,0,658,1,3614046,84,72506,Salaried,Bachelor,Vehicle,1,1
CUST1442,2201770,0,607,1,4007874,60,57832,Salaried,High School,Home,1,0
CUST1443,2303238,7,674,0,3628687,24,99194,Salaried,Bachelor,Education,1,1
CUST1444,711972,8,762,4,1232200,36,34694,Business,Bachelor,Personal,1,1
CUST1445,1319664,6,569,2,4825219,24,81192,Self-Employed,Bachelor,Education,0,0
CUST1446,574423,7,687,2,3897075,36,36576,Salaried,Bachelor,Business,0,1
CUST1447,1798963,5,753,1,1440530,12,84611,Salaried,High School,Vehicle,0,1
CUST1448,770381,7,673,3,1143956,24,43456,Salaried,PhD,Personal,1,1
CUST1449,1389337,10,737,1,2307474,24,60164,Self-Employed,High School,Education,0,1
CUST1450,1719600,10,657,0,3698338,48,96446,Government,Master,Education,0,1
CUST1451,1069497,4,693,3,1481041,120,35863,Government,Bachelor,Vehicle,1,1
CUST1452,2407503,12,715,2,322667,84,97410,Business,Bachelor,Vehicle,0,1
CUST1453,218635,8,634,4,3503402,24,11243,Salaried,Bachelor,Vehicle,1,0
CUST1454,1323647,14,839,4,4782361,60,34092,Salaried,Master,Business,1,1
CUST1455,1596953,15,726,0,2079122,120,87996,Salaried,Master,Education,1,1
CUST1456,1070083,0,784,1,162035,36,64005,Salaried,Master,Business,0,1
CUST1457,601280,3,765,0,1274293,12,25031,Business,High School,Personal,0,1
CUST1458,1089245,12,706,4,3951848,60,47561,Self-Employed,Master,Personal,1,1
CUST1459,521207,0,790,2,1440502,120,31517,Government,Bachelor,Home,1,1
CUST1460,1410746,15,695,4,390526,60,80862,Self-Employed,High School,Education,1,1
CUST1461,2470378,6,621,3,1266733,60,91419,Salaried,Bachelor,Business,0,0
CUST1462,772632,10,681,4,915144,60,29745,Salaried,Bachelor,Personal,1,1
CUST1463,740881,7,599,4,3838659,120,39479,Self-Employed,Bachelor,Vehicle,0,0
CUST1464,740592,1,511,3,1468137,12,35893,Government,Master,Education,1,0
CUST1465,1652178,13,611,1,2357306,48,52472,Salaried,Bachelor,Home,1,1
CUST1466,1342189,21,685,4,4110416,84,50887,Government,Bachelor,Business,1,1
CUST1467,1716081,5,764,0,3945972,24,107253,Government,High School,Home,1,1
CUST1468,594299,6,611,4,1029532,120,31898,Salaried,Master,Vehicle,1,0
CUST1469,1771218,0,760,0,572797,60,117046,Government,Bachelor,Vehicle,1,1
CUST1470,1411619,14,583,3,4165336,24,80404,Salaried,Bachelor,Business,1,0
CUST1471,1379151,12,606,4,1041120,120,88608,Self-Employed,Master,Education,1,0
CUST1472,305438,0,795,3,3547172,24,10387,Government,Bachelor,Personal,1,0
CUST1473,2097043,0,683,3,3194158,60,119835,Business,Bachelor,Home,1,0
CUST1474,1202892,0,666,1,960906,48,31085,Salaried,Bachelor,Home,1,1
CUST1475,1421968,11,698,4,464399,120,75290,Salaried,Bachelor,Personal,1,1
CUST1476,2379391,11,583,0,2056518,24,106010,Salaried,Master,Vehicle,1,1
CUST1477,815719,3,653,0,4499113,36,32178,Salaried,Bachelor,Vehicle,0,1
CUST1478,1793374,10,680,4,779672,24,109276,Self-Employed,High School,Home,0,1
CUST1479,988258,8,778,1,498781,84,59882,Business,High School,Home,0,1
CUST1480,510170,6,546,1,4685563,60,13228,Salaried,Bachelor,Home,1,1
CUST1481,2398820,12,821,1,2211513,12,120891,Salaried,Master,Home,1,1
CUST1482,361948,1,670,0,2057091,24,14596,Salaried,Bachelor,Vehicle,1,1
CUST1483,1386751,13,591,3,1197417,48,58686,Self-Employed,High School,Home,1,0
CUST1484,1133692,4,576,1,2851516,36,67645,Salaried,Master,Vehicle,1,1
CUST1485,1365493,16,701,0,1344876,36,51765,Salaried,Master,Home,0,1
CUST1486,397770,2,572,0,210786,12,25574,Government,Master,Education,1,1
CUST1487,822613,6,635,3,4785790,84,26722,Salaried,Bachelor,Personal,1,0
CUST1488,1541871,8,660,4,4573399,12,81123,Self-Employed,Master,Home,1,1
CUST1489,2163691,8,771,4,2125414,84,114685,Government,High School,Education,0,1
CUST1490,1895880,10,761,1,1364530,24,67319,Salaried,High School,Education,1,1
CUST1491,2067895,1,628,1,960175,60,79678,Self-Employed,High School,Home,1,0
CUST1492,1287229,7,662,3,4978784,48,76954,Self-Employed,Master,Business,1,1
CUST1493,1970008,8,552,1,171701,36,111781,Self-Employed,High School,Education,1,0
CUST1494,2006525,5,516,3,2639433,12,77677,Salaried,Bachelor,Vehicle,1,0
CUST1495,498766,10,581,0,3991631,48,23565,Salaried,Bachelor,Vehicle,1,1
CUST1496,1518530,1,769,1,1114641,84,41865,Government,Bachelor,Business,1,1
CUST1497,2137233,6,742,0,1483043,60,72019,Government,Master,Home,1,1
CUST1498,452647,4,710,2,3961278,36,20478,Salaried,High School,Business,1,1
CUST1499,2361913,6,563,3,298924,36,67508,Salaried,Bachelor,Home,0,0
CUST1500,1658768,15,623,2,2850860,84,99756,Salaried,Master,Business,1,1
